code,mets,major_heading_ja,activity_ja,major_heading_en,activity_en
01003,14,自転車,自転車に乗る：山道、上り坂、きつい労力,bicycling,"bicycling, mountain, uphill, vigorous"
01004,16,自転車,自転車に乗る：山道、競技、レース,bicycling,"bicycling, mountain, competitive, racing"
01008,8.5,自転車,自転車に乗る：モトクロス用自転車,bicycling,"bicycling, BMX"
01009,8.5,自転車,自転車に乗る：山道、全般,bicycling,"bicycling, mountain, general"
01010,4,自転車,自転車に乗る：16.1km/時未満、レジャー、通勤、娯楽,bicycling,"bicycling, <10 mph, leisure, to work or for pleasure (Taylor Code 115)"
01011,6.8,自転車,自転車に乗る：通勤、自分で選んだペースで,bicycling,"bicycling, to/from work, self selected pace"
01013,5.8,自転車,自転車に乗る：非舗装道や農道、ほどほどの速さ,bicycling,"bicycling, on dirt or farm road, moderate pace"
01015,7.5,自転車,自転車に乗る：全般,bicycling,"bicycling, general"
01018,3.5,自転車,自転車に乗る：レジャー、8.9km/時,bicycling,"bicycling, leisure, 5.5 mph"
01019,5.8,自転車,自転車に乗る：レジャー、15.1km/時,bicycling,"bicycling, leisure, 9.4 mph"
01020,6.8,自転車,自転車に乗る：16.1-19.2km/時、レジャー、ゆっくり、楽な労力,bicycling,"bicycling, 10-11.9 mph, leisure, slow, light effort"
01030,8,自転車,自転車に乗る：19.3-22.4km/時、レジャー、ほどほどの労力,bicycling,"bicycling, 12-13.9 mph, leisure, moderate effort"
01040,10,自転車,自転車に乗る：22.5-25.6km/時、レース、レジャー、速い、きつい労力,bicycling,"bicycling, 14-15.9 mph, racing or leisure, fast, vigorous effort"
01060,15.8,自転車,自転車に乗る：32.2km/時より速い、レース、ドラフティングなし,bicycling,"bicycling, > 20 mph, racing, not drafting"
01066,9,自転車,自転車に乗る：19.3km/時、立ってこぐ、ブレーキに手をかける、ペダル毎分60回転,bicycling,"bicycling, 12 mph, standing, hands on brake hoods, 60 rpm"
01070,5,自転車,一輪車に乗る,bicycling,unicycling
02001,2.3,コンディショニング運動,アクティブビデオゲーム(例：Wii Fit)：楽な労力(例：バランス、ヨガ),conditioning exercise,"activity promoting video game (e.g., Wii Fit), light effort (e.g., balance, yoga)"
02003,3.8,コンディショニング運動,アクティブビデオゲーム(例：Wii Fit)：ほどほどの労力(例：エアロビック、レジスタンス),conditioning exercise,"activity promoting video game (e.g., Wii Fit), moderate effort (e.g., aerobic, resistance)"
02008,5,コンディショニング運動,軍人用障害物エクササイズ、ブートキャンプトレーニングプログラム,conditioning exercise,"army type obstacle course exercise, boot camp training program"
02010,7,コンディショニング運動,自転車：自転車エルゴメータ、全般,conditioning exercise,"bicycling, stationary, general"
02011,3.5,コンディショニング運動,自転車：自転車エルゴメータ、30-50ワット、非常に楽な労力,conditioning exercise,"bicycling, stationary, 30-50 watts, very light to light effort"
02012,6.8,コンディショニング運動,自転車：自転車エルゴメータ、90-100ワット、ほどほどからきつい労力,conditioning exercise,"bicycling, stationary, 90-100 watts, moderate to vigorous effort"
02013,8.8,コンディショニング運動,自転車：自転車エルゴメータ、101-160ワット、きつい労力,conditioning exercise,"bicycling, stationary, 101-160 watts, vigorous effort"
02014,11,コンディショニング運動,自転車：自転車エルゴメータ、161-200ワット、きつい労力,conditioning exercise,"bicycling, stationary, 161-200 watts, vigorous effort"
02015,14,コンディショニング運動,自転車：自転車エルゴメータ、201-270ワット、非常にきつい労力,conditioning exercise,"bicycling, stationary, 201-270 watts, very vigorous effort"
02017,4.8,コンディショニング運動,自転車：自転車エルゴメータ、51-89ワット、楽からほどほどの労力,conditioning exercise,"bicycling, stationary, 51-89 watts, light-to-moderate effort"
02019,8.5,コンディショニング運動,自転車：自転車エルゴメータ、RPM/スピンバイククラス,conditioning exercise,"bicycling, stationary, RPM/Spin bike class"
02022,3.8,コンディショニング運動,健康体操(例：腕立て伏せ、腹筋運動、懸垂、足や手を突き出す運動)：ほどほどの労力,conditioning exercise,"calisthenics (e.g., push ups, sit ups, pull-ups, lunges), moderate effort"
02024,2.8,コンディショニング運動,健康体操(例：腹筋運動、クランチ)：楽な労力,conditioning exercise,"calisthenics (e.g., situps, abdominal crunches), light effort"
02035,4.3,コンディショニング運動,サーキットトレーニング：ほどほどの労力,conditioning exercise,"circuit training, moderate effort"
02045,3.5,コンディショニング運動,カーブスの所定のトレーニング,conditioning exercise,CurvesTM exercise routines in women
02050,6,コンディショニング運動,ティング、ボディービルディング、きつい労力,,"(conditioning exercise) (resistance training (weight lifting, free weight, nautilus or universal), power lifting or body building,"
02052,5,コンディショニング運動,レジスタンス(ウェイト)トレーニング：スクワット、ゆっくりあるいは瞬発的な努力で,conditioning exercise,"resistance (weight) training, squats , slow or explosive effort"
02060,5.5,コンディショニング運動,フィットネスクラブでの運動：全般,conditioning exercise,"health club exercise, general (Taylor Code 160)"
02061,5,コンディショニング運動,フィットネスクラブでの運動：全般、体操やウェイトトレーニングを組み合わせた1回あたりに行う運動,conditioning exercise,"health club exercise classes, general, gym/weight training combined in one visit"
02062,7.8,コンディショニング運動,フィットネスクラブでの運動：コンディショニング教室,conditioning exercise,"health club exercise, conditioning classes"
02064,3.8,コンディショニング運動,家庩での運動：全般,conditioning exercise,"home exercise, general"
02065,9,コンディショニング運動,ステアートレッドミルエルゴメータ(階段昇りの運動)：全般,conditioning exercise,"stair-treadmill ergometer, general"
02068,12.3,コンディショニング運動,なわとび：全般,conditioning exercise,"rope skipping, general"
02070,6,コンディショニング運動,ボート漕ぎ：ローイングエルゴメータ、全般、きつい労力,conditioning exercise,"rowing, stationary ergometer, general, vigorous effort"
02071,4.8,コンディショニング運動,ボート漕ぎ：ローイングエルゴメータ、全般、ほどほどの労力,conditioning exercise,"rowing, stationary, general, moderate effort"
02072,7,コンディショニング運動,ボート漕ぎ：ローイングエルゴメータ、100ワット、ほどほどの労力,conditioning exercise,"rowing, stationary, 100 watts, moderate effort"
02073,8.5,コンディショニング運動,ボート漕ぎ：ローイングエルゴメータ、150ワット、きつい労力,conditioning exercise,"rowing, stationary, 150 watts, vigorous effort"
02074,12,コンディショニング運動,ボート漕ぎ：ローイングエルゴメータ、200ワット、非常にきつい労力,conditioning exercise,"rowing, stationary, 200 watts, very vigorous effort"
02080,6.8,コンディショニング運動,スキーマシーンを用いた運動：全般,conditioning exercise,"ski machine, general"
02085,11,コンディショニング運動,スライドボードを用いた運動：全般,conditioning exercise,"slide board exercise, general"
02101,2.3,コンディショニング運動,ストレッチ：ゆったり,conditioning exercise,"stretching, mild"
02105,3,コンディショニング運動,ピラティス：全般,conditioning exercise,"pilates, general"
02110,6.8,コンディショニング運動,運動教室の指導(例：エアロビクス、水中運動),conditioning exercise,"teaching exercise class (e.g., aerobic, water)"
02112,2.8,コンディショニング運動,ボールを用いた運動療法：フィットボールエクササイズ,conditioning exercise,"therapeutic exercise ball, Fitball exercise"
02115,2.8,コンディショニング運動,上肢の運動：腕エルゴメータ(ハンドエルゴメータ),conditioning exercise,"upper body exercise, arm ergometer"
02117,4.3,コンディショニング運動,上肢の運動：エアダインエルゴメータで腕のみを用いて毎分40回転、ほどほどの労力,conditioning exercise,"upper body exercise, stationary bicycle - Airdyne (arms only) 40 rpm, moderate"
02120,5.3,コンディショニング運動,アクアビクス：水中での健康体操、水中運動,conditioning exercise,"water aerobics, water calisthenics, water exercise"
02135,1.3,コンディショニング運動,ジャグジー(渦巻き)風呂に入る：座位,conditioning exercise,"whirlpool, sitting"
02140,2.3,コンディショニング運動,映像を用いた運動：テレビのコンディショニングプログラム(例：ヨガ、ストレッチ)、楽な労力,conditioning exercise,"video exercise workouts, TV conditioning programs (e.g., yoga, stretching), light effort"
02150,2.5,コンディショニング運動,ヨガ：ハタ,conditioning exercise,"yoga, Hatha"
02160,4,コンディショニング運動,ヨガ：パワー,conditioning exercise,"yoga, Power"
02170,2,コンディショニング運動,ヨガ：ナディショーダナ,conditioning exercise,"yoga, Nadisodhana"
02180,3.3,コンディショニング運動,ヨガ：スリヤナマスカー,conditioning exercise,"yoga, Surya Namaskar"
02200,5.3,コンディショニング運動,ファカワテア)：全般、ほどほどの労力,,"(conditioning exercise) (native New Zealander physical activities (e.g., Haka Powhiri, Moteatea, Waita Tira, Whakawatea, etc.),"
02205,6.8,コンディショニング運動,ニュージーランド原住民の身体活動(伝統舞踊、例：ハカ、タイアハ)：全般、きつい労力,conditioning exercise,"native New Zealander physical activities (e.g., Haka, Taiahab), general, vigorous effort"
03010,5,ダンス,バレエ：モダン、ジャズ、全般、リハーサルや教室,dancing,"ballet, modern, or jazz, general, rehearsal or class"
03012,6.8,ダンス,バレエ：モダン、ジャズ、公演、きつい労力,dancing,"ballet, modern, or jazz, performance, vigorous effort"
03014,4.8,ダンス,タップダンス,dancing,tap
03015,7.3,ダンス,エアロビックダンス：全般,dancing,"aerobic, general"
03016,7.5,ダンス,エアロビックダンス：15.2-20.3cmのステップを伴う,dancing,"aerobic, step, with 6 - 8 inch step"
03017,9.5,ダンス,エアロビックダンス：25.4-30.5cmのステップを伴う,dancing,"aerobic, step, with 10 - 12 inch step"
03018,5.5,ダンス,エアロビックダンス：10.2cmのステップを伴う,dancing,"aerobic, step, with 4-inch step"
03019,8.5,ダンス,ベンチステップ教室：全般,dancing,"bench step class, general"
03020,5,ダンス,エアロビックダンス：弱い衝撃,dancing,"aerobic, low impact"
03021,7.3,ダンス,エアロビックダンス：強い衝撃,dancing,"aerobic, high impact"
03022,10,ダンス,エアロビックダンス：4.5-6.8kgの重りを身に着けて,dancing,aerobic dance wearing 10-15 lb weights
03025,4.5,ダンス,ボンバ・イ・プレナ舞踊、フラメンコ、ベリーダンス、スウィングダンス),,"(dancing) (ethnic or cultural dancing (e.g., Greek, Middle Eastern, hula, salsa, merengue, bamba y plena, flamenco,"
03030,5.5,ダンス,社交ダンス：速い,dancing,"ballroom, fast (Taylor Code 125)"
03038,11.3,ダンス,社交ダンス：競技、全般,dancing,"ballroom dancing, competitive, general"
03050,5.5,ダンス,アニシナベ族のジングルダンス,dancing,Anishinaabe Jingle Dancing
03060,3.5,ダンス,ディンキ・ミニ、ギア、ガンベイ、イボ、ジャンクヌー、クミナ、オレイシャ、ジャンブ),,"(dancing) (Caribbean dance (Abakua, Beguine, Bellair, Bongo, Brukin's, Caribbean Quadrills, Dinki Mini, Gere,"
04001,3.5,釣りと狩り,釣り：全般,fishing and hunting,"fishing, general"
04005,4.5,釣りと狩り,釣り：クラブフィッシング,fishing and hunting,"fishing, crab fishing"
04007,4,釣りと狩り,釣り：手づかみ,fishing and hunting,"fishing, catching fish with hands"
04010,4.3,釣りと狩り,釣り関連：ミミズを掘り出す、シャベルを用いて,fishing and hunting,"fishing related, digging worms, with shovel"
04020,4,釣りと狩り,川岸で歩きながらの釣り,fishing and hunting,fishing from river bank and walking
04030,2,釣りと狩り,ボートやカヌーでの釣り：座位,fishing and hunting,"fishing from boat or canoe, sitting"
04040,3.5,釣りと狩り,川岸での釣り：立位,fishing and hunting,"fishing from river bank, standing (Taylor Code 660)"
04050,6,釣りと狩り,川に入っての釣り：ウェーダーを着用して,fishing and hunting,"fishing in stream, in waders (Taylor Code 670)"
04060,2,釣りと狩り,釣り：氷上、座位,fishing and hunting,"fishing, ice, sitting"
04061,1.8,釣りと狩り,釣り：ジョグやライン、立位、全般,fishing and hunting,"fishing, jog or line, standing, general"
04062,3.5,釣りと狩り,釣り：たもの仕掛けと魚の回収、全般,fishing and hunting,"fishing, dip net, setting net and retrieving fish, general"
04063,3.8,釣りと狩り,釣り：定置網の仕掛けと魚の回収、全般,fishing and hunting,"fishing, set net, setting net and retrieving fish, general"
04064,3,釣りと狩り,釣り：フィッシングホイール、網のセッティングと魚の回収、全般,fishing and hunting,"fishing, fishing wheel, setting net and retrieving fish, general"
04065,2.3,釣りと狩り,銛を用いた釣り：立位,fishing and hunting,"fishing with a spear, standing"
04070,2.5,釣りと狩り,狩猟：弓と矢、クロスボウ,fishing and hunting,"hunting, bow and arrow, or crossbow"
04080,6,釣りと狩り,狩猟：シカ、ワピチ(アメリカのアカシカ)、大きな獲物,fishing and hunting,"hunting, deer, elk, large game (Taylor Code 170)"
04081,11.3,釣りと狩り,大きな獲物の狩猟：獲物を引きずる,fishing and hunting,"hunting large game, dragging carcass"
04083,4,釣りと狩り,大型の海洋生物の狩猟,fishing and hunting,hunting large marine animals
04085,2.5,釣りと狩り,大きな獲物の狩猟：ハンティング台から、歩行はほとんど伴わない,fishing and hunting,"hunting large game, from a hunting stand, limited walking"
04086,2,釣りと狩り,車、航空機、ボートからの大きな獲物の狩猟,fishing and hunting,"hunting large game from a car, plane, or boat"
04090,2.5,釣りと狩り,狩猟：カモ、川に入って,fishing and hunting,"hunting, duck, wading"
04095,3,釣りと狩り,狩猟：オオコウモリ、リス,fishing and hunting,"hunting, flying fox, squirrel"
04100,5,釣りと狩り,狩猟：全般,fishing and hunting,"hunting, general"
04110,6,釣りと狩り,狩猟：キジやライチョウ,fishing and hunting,"hunting, pheasants or grouse (Taylor Code 680)"
04115,3.3,釣りと狩り,狩猟：鳥類,fishing and hunting,"hunting, birds"
04120,5,釣りと狩り,狩猟：ウサギ、リス、ソウゲンライチョウ、アライグマ、小さな獲物,fishing and hunting,"hunting, rabbit, squirrel, prairie chick, raccoon, small game (Taylor Code 690)"
04123,3.3,釣りと狩り,狩猟：野生の豚,fishing and hunting,"hunting, pigs, wild"
04124,2,釣りと狩り,獲物を罠にかける：全般,fishing and hunting,"trapping game, general"
04125,9.5,釣りと狩り,狩猟：猟具を持って山を歩く,fishing and hunting,"hunting, hiking with hunting gear"
04130,2.5,釣りと狩り,ピストル射撃やトラップ射撃：立位,fishing and hunting,"pistol shooting or trap shooting, standing"
04140,2.3,釣りと狩り,ライフルエクササイズ：射撃、体を横にして,fishing and hunting,"rifle exercises, shooting, lying down"
04145,2.5,釣りと狩り,ライフルエクササイズ：射撃、膝立ちあるいは立位,fishing and hunting,"rifle exercises, shooting, kneeling or standing"
05010,3.3,家での活動,掃除：カーペットやフロアの掃き掃除、全般,home activities,"cleaning, sweeping carpet or floors, general"
05011,2.3,家での活動,掃除：掃き掃除、ゆっくり、楽な労力,home activities,"cleaning, sweeping, slow, light effort"
05012,3.8,家での活動,掃除：掃き掃除、ゆっくり、ほどほどの労力,home activities,"cleaning, sweeping, slow, moderate effort"
05020,3.5,家での活動,掃除：重いまたは大きいものの掃除(例：洗車、窓掃除、車庨掃除)、ほどほどの労力,home activities,"cleaning, heavy or major (e.g. wash car, wash windows, clean garage), moderate effort"
05021,3.5,家での活動,掃除：モップがけ、立位、ほどほどの労力,home activities,"cleaning, mopping, standing, moderate effort"
05022,3.2,家での活動,窓掃除：窓掃除、全般,home activities,"cleaning windows, washing windows, general"
05023,2.5,家での活動,モップがけ：立位、楽な労力,home activities,"mopping, standing, light effort"
05024,4.5,家での活動,床磨き：立位、ゆっくり歩く、電気研磨機を使っての床磨き,home activities,"polishing floors, standing, walking slowly, using electric polishing machine"
05025,2.8,家での活動,いろいろな家事を同時にこなす：楽な労力,home activities,"multiple household tasks all at once, light effort"
05026,3.5,家での活動,いろいろな家事を同時にこなす：ほどほどの労力,home activities,"multiple household tasks all at once, moderate effort"
05027,4.3,家での活動,いろいろな家事を同時にこなす：きつい労力,home activities,"multiple household tasks all at once, vigorous effort"
05030,3.3,家での活動,掃除：家や山小屋の掃除、全般、ほどほどの労力,home activities,"cleaning, house or cabin, general, moderate effort"
05032,2.3,家での活動,家具のほこりを取る、または磨く：全般,home activities,"dusting or polishing furniture, general"
05035,3.3,家での活動,台所での活動：全般(例：調理、皿洗い、掃除)、ほどほどの労力,home activities,"kitchen activity, general, (e.g., cooking, washing dishes, cleaning up), moderate effort"
05040,2.5,家での活動,掃除：全般(例：整頓、リネンの交換、ごみ捨て)、楽な労力,home activities,"cleaning, general (straightening up, changing linen, carrying out trash, light effort"
05041,1.8,家での活動,皿洗い：立位または全般(立位と歩行に分類しない場合),home activities,"wash dishes, standing or in general (not broken into stand/walk components)"
05042,2.5,家での活動,皿洗い：テーブルから皿を片付ける、歩く、楽な労力,home activities,"wash dishes, clearing dishes from table, walking, light effort"
05043,3.3,家での活動,掃除機をかける：全般、ほどほどの労力,home activities,"vacuuming, general, moderate effort"
05044,3,家での活動,動物を解体処理する：小さい動物,home activities,"butchering animals, small"
05045,6,家での活動,動物を解体処理する：大きい動物、きつい労力,home activities,"butchering animal, large, vigorous effort"
05046,2.3,家での活動,魚をさばく・燻す、魚や肉を乾燥させる,home activities,"cutting and smoking fish, drying fish or meat"
05048,4,家での活動,皮をなめす：全般,home activities,"tanning hides, general"
05049,3.5,家での活動,調理や食事の準備：ほどほどの労力,home activities,"cooking or food preparation, moderate effort"
05051,2.5,家での活動,給仕する：テーブルのセッティングをする、歩行と立位を含む,home activities,"serving food, setting table, implied walking or standing"
05052,2.5,家での活動,調理や食事の準備：歩く,home activities,"cooking or food preparation, walking"
05053,2.5,家での活動,ペットへの餌やり,home activities,feeding household animals
05055,2.5,家での活動,食料品の片付け(例：食料品の運搬、カートを使用しないでの買い物)、荷物運び,home activities,"putting away groceries (e.g. carrying groceries, shopping without a grocery cart), carrying packages"
05056,7.5,家での活動,食料品を上の階へ運ぶ,home activities,carrying groceries upstairs
05057,3,家での活動,ストーブの上でインドパンを焼く,home activities,cooking Indian bread on an outside stove
05060,2.3,家での活動,食料品の買い物：カートを使う場合と使わない場合どちらでも、立位や歩行を伴う,home activities,"food shopping with or without a grocery cart, standing or walking"
05065,2.3,家での活動,食料品以外の買い物：カートを使う場合と使わない場合どちらでも、立位や歩行を伴う,home activities,"non-food shopping, with or without a cart, standing or walking"
05070,1.8,家での活動,アイロンがけ,home activities,ironing
05080,1.3,家での活動,編み物：裁縫、楽な労力、プレゼントをラッピングする、座位,home activities,"knitting, sewing, light effort, wrapping presents, sitting"
05082,2.8,家での活動,機械を使っての裁縫,home activities,sewing with a machine
05090,2,家での活動,い、立位を含む、楽な労力,,"(home activities) (laundry, fold or hang clothes, put clothes in washer or dryer, packing suitcase, washing clothes by hand,"
05092,4,家での活動,洗濯：洗濯物を干す、衣類の手洗い、ほどほどの労力,home activities,"laundry, hanging wash, washing clothes by hand, moderate effort"
05095,2.3,家での活動,洗濯：衣類を片づける、リュックサックに衣類を詰める、洗濯ものを片づける、歩行を伴う,home activities,"laundry, putting away clothes, gathering clothes to pack, putting away laundry, implied walking"
05100,3.3,家での活動,ベッドメイク：リネンを交換する,home activities,"making bed, changing linens"
05110,5,家での活動,メープルシロップづくり(バケツや木材の運搬も含む),home activities,"maple syruping/sugar bushing (including carrying buckets, carrying wood)"
05120,5.8,家での活動,家具や家財道具の移動、収納箱の運搬,home activities,"moving furniture, household items, carrying boxes"
05121,5,家での活動,引越し：軽い荷物を持ち上げる,home activities,"moving, lifting light loads"
05125,4.8,家での活動,部屋の片づけ,home activities,organizing room
05130,3.5,家での活動,床磨き：手や膝をついて、浴室や浴槽磨き、ほどほどの労力,home activities,"scrubbing floors, on hands and knees, scrubbing bathroom, bathtub, moderate effort"
05131,2,家での活動,床磨き：手や膝をついて、浴室や浴槽磨き、楽な労力,home activities,"scrubbing floors, on hands and knees, scrubbing bathroom, bathtub, light effort"
05132,6.5,家での活動,床磨き：手や膝をついて、浴室や浴槽磨き、きつい労力,home activities,"scrubbing floors, on hands and knees, scrubbing bathroom, bathtub, vigorous effort"
05140,4,家での活動,ガレージの掃除、歩道や家の周りの掃除,home activities,"sweeping garage, sidewalk or outside of house"
05146,3.5,家での活動,おろす、ほどほどの労力,,"(home activities) (standing, packing/unpacking boxes, occasional lifting of lightweight household items, loading or"
05147,3,家での活動,歩行を含む家財道具の片付け：ほどほどの労力,home activities,"implied walking, putting away household items, moderate effort"
05148,2.5,家での活動,植物への水やり,home activities,watering plants
05149,2.5,家での活動,屋内で火を起こす,home activities,building a fire inside
05150,9,家での活動,家財道具を上の階へ運搬する：箱や家具を運ぶ,home activities,"moving household items upstairs, carrying boxes or furniture"
05160,2,家での活動,立位：楽な労力の仕事(例：ガソリン(灯油)を入れる、電球を交換する),home activities,"standing, light effort tasks (pump gas, change light bulb, etc.)"
05165,3.5,家での活動,歩行：ほどほどの労力の仕事、掃除以外(例：外出の準備、戸締り、窓の施錠),home activities,"walking, moderate effort tasks, non-cleaning (readying to leave, shut/lock doors, close windows, etc.)"
05170,2.2,家での活動,座位：子どもと遊ぶ、楽な労力、活動時に限る,home activities,"sitting, playing with child(ren), light effort, only active periods"
05171,2.8,家での活動,立位：子どもと遊ぶ、楽な労力、活動時に限る,home activities,"standing, playing with child(ren) light effort, only active periods"
05175,3.5,家での活動,歩行やランニング：子どもと遊ぶ、ほどほどの労力、活動時に限る,home activities,"walking/running, playing with child(ren), moderate effort, only active periods"
05180,5.8,家での活動,歩行やランニング：子どもと遊ぶ、きつい労力、活動時に限る,home activities,"walking/running, playing with child(ren), vigorous effort, only active periods"
05181,3,家での活動,子どもを抱き抱えて移動する：体重6.8kg以上の子ども,home activities,"walking and carrying small child, child weighing 15 lbs or more"
05182,2.3,家での活動,子どもを抱き抱えて移動する：体重6.8kg未満の子ども,home activities,"walking and carrying small child, child weighing less than 15 lbs"
05183,2,家での活動,立位：子どもを抱えながら,home activities,"standing, holding child"
05184,2.5,家での活動,子どもの世話：幼児、全般,home activities,"child care, infant, general"
05185,2,家での活動,せる、たまに子どもを抱える)、楽な労力、全般,,"(home activities) (child care, sitting/kneeling (e.g., dressing, bathing, grooming, feeding, occasional lifting of child), light"
05186,3,家での活動,どもを抱える)、ほどほどの労力,,"(home activities) (child care, standing (e.g., dressing, bathing, grooming, feeding, occasional lifting of child), moderate"
05188,1.5,家での活動,子どもを抱えながら横になる,home activities,reclining with baby
05189,2,家での活動,授乳：座位あるいは横になって,home activities,"breastfeeding, sitting or reclining"
05190,2.5,家での活動,座位：動物と遊ぶ、楽な労力、活動時に限る,home activities,"sit, playing with animals, light effort, only active periods"
05191,2.8,家での活動,立位：動物と遊ぶ、楽な労力、活動時に限る,home activities,"stand, playing with animals, light effort, only active periods"
05192,3,家での活動,歩行やランニング：動物と遊ぶ、全般、楽な労力、活動時に限る,home activities,"walk/run, playing with animals, general, light effort, only active periods"
05193,4,家での活動,歩行やランニング：動物と遊ぶ、ほどほどの労力、活動時に限る,home activities,"walk/run, playing with animals, moderate effort, only active periods"
05194,5,家での活動,歩行やランニング：動物と遊ぶ、きつい労力、活動時に限る,home activities,"walk/run, playing with animals, vigorous effort, only active periods"
05195,3.5,家での活動,立位：犬のシャンプーをする,home activities,"standing, bathing dog"
05197,2.3,家での活動,動物の世話：ペット、全般,home activities,"animal care, household animals, general"
05205,2.3,家での活動,高齢者や障がい者(成人)の介護：食事させる、髪をとかす、楽な労力、活動時に限る,home activities,"elder care, disabled adult, feeding, combing hair, light effort, only active periods"
06010,3,家での修繕作業,飛行機の修理,home repair,airplane repair
06020,4,家での修繕作業,自動車の整備,home repair,automobile body work
06030,3.3,家での修繕作業,自動車の修理：楽からほどほどの労力,home repair,"automobile repair, light or moderate effort"
06040,3,家での修繕作業,大工仕事：全般、作業場で,home repair,"carpentry, general, workshop (Taylor Code 620)"
06052,3.8,家での修繕作業,大工仕事：屋外、フェンスの設置,home repair,"carpentry, outside house, building a fence"
06060,3.3,家での修繕作業,大工仕事：戸棚や家具の仕上げ塗装をする,home repair,"carpentry, finishing or refinishing cabinets or furniture"
06070,6,家での修繕作業,大工仕事：のこぎりで硬材を切る,home repair,"carpentry, sawing hardwood"
06072,4,家での修繕作業,大工仕事：家の改装・改築作業、ほどほどの労力,home repair,"carpentry, home remodeling tasks, moderate effort"
06074,2.3,家での修繕作業,大工仕事：家の改装・改築作業、楽な労力,home repair,"carpentry, home remodeling tasks, light effort"
06080,5,家での修繕作業,コーキング：丸太小屋の水漏れを防止する,home repair,"caulking, chinking log cabin"
06090,4.5,家での修繕作業,コーキング：丸太小屋以外,home repair,"caulking, except log cabin"
06100,5,家での修繕作業,側溝の掃除,home repair,cleaning gutters
06110,5,家での修繕作業,ガレージで物を探す,home repair,excavating garage
06120,5,家での修繕作業,雤戸を設置する,home repair,hanging storm windows
06122,5,家での修繕作業,内壁に石膏板を取り付ける,home repair,hanging sheet rock inside house
06124,3,家での修繕作業,釘を打つ,home repair,hammering nails
06126,2.5,家での修繕作業,家の修繕：全般、楽な労力,home repair,"home repair, general, light effort"
06127,4.5,家での修繕作業,家の修繕：全般、ほどほどの労力,home repair,"home repair, general, moderate effort"
06128,6,家での修繕作業,家の修繕：全般、きつい労力,home repair,"home repair, general, vigorous effort"
06130,4.5,家での修繕作業,カーペットを敷く、あるいは片付ける,home repair,laying or removing carpet
06140,3.8,家での修繕作業,タイルやリノリウム(仕上げ材)を貼る、道具を修理する,home repair,"laying tile or linoleum,repairing appliances"
06144,3,家での修繕作業,道具を修理する,home repair,repairing appliances
06150,5,家での修繕作業,塗装：家の外壁,home repair,"painting, outside home (Taylor Code 650)"
06160,3.3,家での修繕作業,室内の塗装、壁紙張り、ペンキをこすり落とす,home repair,"painting inside house,wallpapering, scraping paint"
06165,4.5,家での修繕作業,ペイントする,home repair,"painting, (Taylor Code 630)"
06167,3,家での修繕作業,配管作業：全般,home repair,"plumbing, general"
06170,3,家での修繕作業,防水シートの設置および取り外し：ヨット,home repair,put on and removal of tarp - sailboat
06180,6,家での修繕作業,屋根ふき,home repair,roofing
06190,4.5,家での修繕作業,研磨機で床を磨く,home repair,sanding floors with a power sander
06200,4.5,家での修繕作業,ヨットやモーターボートの汚れを落とす、あるいはペイントする,home repair,scraping and painting sailboat or powerboat
06205,2,家での修繕作業,道具を研ぐ,home repair,sharpening tools
06210,5,家での修繕作業,シャベルで土を一面に広げる,home repair,spreading dirt with a shovel
06220,4.5,家での修繕作業,ヨットや飛行機の洗浄およびワックスがけ,home repair,washing and waxing hull of sailboat or airplane
06225,2,家での修繕作業,洗車およびワックスがけ,home repair,washing and waxing car
06230,4.5,家での修繕作業,フェンスの洗浄：フェンスをペイントする、ほどほどの労力,home repair,"washing fence, painting fence, moderate effort"
06240,3.3,家での修繕作業,配線工事：ケーブルの取り付けや接合,home repair,"wiring, tapping-splicing"
08010,5.5,芝生や庩の手入れ,運搬：まきを積む、あるいは積み重ねる、木材を積む/積み下ろす、または木材の運搬,lawn and garden,"carrying, loading or stacking wood, loading/unloading or carrying lumber"
08019,4.5,芝生や庩の手入れ,木材の伐採：丸太を切る、ほどほどの労力,lawn and garden,"chopping wood, splitting logs, moderate effort"
08020,6.3,芝生や庩の手入れ,木材の伐採：丸太を切る、きつい労力,lawn and garden,"chopping wood, splitting logs, vigorous effort"
08025,3.5,芝生や庩の手入れ,茂みをきれいにする：庩の草抜きをする、ほどほどの労力,lawn and garden,"clearing light brush, thinning garden, moderate effort"
08030,6.3,芝生や庩の手入れ,茂みをきれいにする/土地をならす：下生え、または地面、小枝の運搬、手押し車の作業、きつい労力,lawn and garden,"clearing brush/land, undergrowth, or ground, hauling branches, wheelbarrow chores, vigorous effort"
08040,5,芝生や庩の手入れ,砂場を掘る：シャベルで砂をすくう,lawn and garden,"digging sandbox, shoveling sand"
08045,3.5,芝生や庩の手入れ,採掘：鋤で土を掘る、庩を埋める、堆肥をやる、楽からほどほどの労力,lawn and garden,"digging, spading, filling garden, composting, light-to-moderate effort"
08050,5,芝生や庩の手入れ,採掘：鋤で土を掘る、庩を埋める、堆肥をやる,lawn and garden,"digging, spading, filling garden, compositing, (Taylor Code 590)"
08052,7.8,芝生や庩の手入れ,採掘：鋤で土を掘る、庩を埋める、堆肥をやる、きつい労力,lawn and garden,"digging, spading, filling garden, composting, vigorous effort"
08055,2.8,芝生や庩の手入れ,トラクターを運転する,lawn and garden,driving tractor
08057,8.3,芝生や庩の手入れ,伐採：大きな木,lawn and garden,"felling trees, large size"
08058,5.3,芝生や庩の手入れ,伐採：小さい木から中くらいの木,lawn and garden,"felling trees, small-medium size"
08060,5.8,芝生や庩の手入れ,大がかりな機器を用いた造園：庩を耕す、チェーンソーの使用,lawn and garden,"gardening with heavy power tools, tilling a garden, chain saw"
08065,2.3,芝生や庩の手入れ,ガーデニング：コンテナを使う、60歳以上の高齢者,lawn and garden,"gardening, using containers, older adults > 60 years"
08070,4,芝生や庩の手入れ,用水路に水をひく：ポートを開閉する,lawn and garden,"irrigation channels, opening and closing ports"
08080,6.3,芝生や庩の手入れ,砕石を敷く,lawn and garden,laying crushed rock
08090,5,芝生や庩の手入れ,芝生を敷く,lawn and garden,laying sod
08095,5.5,芝生や庩の手入れ,芝刈り：全般,lawn and garden,"mowing lawn, general"
08100,2.5,芝生や庩の手入れ,芝刈り：芝刈り機に乗る,lawn and garden,"mowing lawn, riding mower (Taylor Code 550)"
08110,6,芝生や庩の手入れ,芝刈り：歩行、手動芝刈り機の使用,lawn and garden,"mowing lawn, walk, hand mower (Taylor Code 570)"
08120,5,芝生や庩の手入れ,芝刈り：歩行、電動芝刈り機の使用、ほどほどからきつい労力,lawn and garden,"mowing lawn, walk, power mower, moderate or vigorous effort"
08125,4.5,芝生や庩の手入れ,芝刈り：電動芝刈り機の使用、歩行あり、楽からほどほどの労力,lawn and garden,"mowing lawn, power mower, light or moderate effort (Taylor Code 590)"
08130,2.5,芝生や庩の手入れ,噴射式除雥機による除雥作業：歩行,lawn and garden,"operating snow blower, walking"
08135,2,芝生や庩の手入れ,植付：苗や苗木の培養土への植付や移植、楽な労力,lawn and garden,"planting, potting, transplanting seedlings or plants, light effort"
08140,4.3,芝生や庩の手入れ,植苗：潅木、かがんだ状態で、ほどほどの労力,lawn and garden,"planting seedlings, shrub, stooping, moderate effort"
08145,4.3,芝生や庩の手入れ,農作物や花を植える：かがんだ状態で、ほどほどの労力,lawn and garden,"planting crops or garden, stooping, moderate effort"
08150,4.5,芝生や庩の手入れ,樹木の植栽,lawn and garden,planting trees
08160,3.8,芝生や庩の手入れ,芝や落ち葉をレーキでかき集める：ほどほどの労力,lawn and garden,"raking lawn or leaves, moderate effort"
08165,4,芝生や庩の手入れ,芝をレーキでかき集める,lawn and garden,raking lawn (Taylor Code 600)
08170,4,芝生や庩の手入れ,屋根の雥下ろし,lawn and garden,raking roof with snow rake
08180,3,芝生や庩の手入れ,噴射式除雥機の操縦,lawn and garden,riding snow blower
08190,4,芝生や庩の手入れ,草や落ち葉を袋に集める,lawn and garden,"sacking grass, leaves"
08192,5.5,芝生や庩の手入れ,シャベルで土や泥をすくう,lawn and garden,shoveling dirt or mud
08195,5.3,芝生や庩の手入れ,シャベルでの雥かき：人力で、ほどほどの労力,lawn and garden,"shoveling snow, by hand, moderate effort"
08200,6,芝生や庩の手入れ,シャベルでの雥かき：人力で,lawn and garden,"shovelling snow, by hand (Taylor Code 610)"
08202,7.5,芝生や庩の手入れ,シャベルでの雥かき：人力で、きつい労力,lawn and garden,"shoveling snow, by hand, vigorous effort"
08210,4,芝生や庩の手入れ,灌木や木の刈り込み：剪定バサミを使う,lawn and garden,"trimming shrubs or trees, manual cutter"
08215,3.5,芝生や庩の手入れ,灌木や木の刈り込み：電動カッターを使う、リーフブロワーを使う、縁取りをする、ほどほどの労力,lawn and garden,"trimming shrubs or trees, power cutter, using leaf blower, edge, moderate effort"
08220,3,芝生や庩の手入れ,歩行：肥料をまく，または芝生に苗を植える、機械を押しながら,lawn and garden,"walking, applying fertilizer or seeding a lawn, push applicator"
08230,1.5,芝生や庩の手入れ,芝生や庩への水やり：立位または歩行,lawn and garden,"watering lawn or garden, standing or walking"
08239,3.5,芝生や庩の手入れ,除草をする：耕す、楽からほどほどの労力,lawn and garden,"weeding, cultivating garden, light-to-moderate effort"
08240,4.5,芝生や庩の手入れ,除草をする：耕す,lawn and garden,"weeding, cultivating garden (Taylor Code 580)"
08241,5,芝生や庩の手入れ,除草をする：耕す、くわを使う、ほどほどからきつい労力,lawn and garden,"weeding, cultivating garden, using a hoe, moderate-to-vigorous effort"
08245,3.8,芝生や庩の手入れ,ガーデニング：全般、ほどほどの労力,lawn and garden,"gardening, general, moderate effort"
08246,3.5,芝生や庩の手入れ,木から実を摘む：果物や野菜を摘む、ほどほどの労力,lawn and garden,"picking fruit off trees, picking fruits/vegetables, moderate effort"
08248,4.5,芝生や庩の手入れ,木から実を摘む：果物を集める、果物や野菜を摘む、はしごに昇って果物を採る、きつい労力,lawn and garden,"picking fruit off trees, gleaning fruits, picking fruits/vegetables, climbing ladder to pick fruit, vigorous effort"
08250,3.3,芝生や庩の手入れ,歩行や立位を伴いながら庩の手入れをする：楽な労力、花や野菜を摘む,lawn and garden,"implied walking/standing - picking up yard, light, picking flowers or vegetables"
08251,3,芝生や庩の手入れ,歩行：ガーデニングの道具を集める,lawn and garden,"walking, gathering gardening tools"
08255,5.5,芝生や庩の手入れ,手押し車：ガーデンカートや手押し車を押す,lawn and garden,"wheelbarrow, pushing garden cart or wheelbarrow"
08260,3,芝生や庩の手入れ,庩仕事：全般、楽な労力,lawn and garden,"yard work, general, light effort"
08261,4,芝生や庩の手入れ,庩仕事：全般、ほどほどの労力,lawn and garden,"yard work, general, moderate effort"
08262,6,芝生や庩の手入れ,庩仕事：全般、きつい労力,lawn and garden,"yard work, general, vigorous effort"
09000,1.5,多方面にわたる活動,ボードゲーム：座位,miscellaneous,"board game playing, sitting"
09005,2.5,多方面にわたる活動,カジノでギャンブルする：立位,miscellaneous,"casino gambling, standing"
09010,1.5,多方面にわたる活動,カードゲーム：座位,miscellaneous,"card playing, sitting"
09013,1.5,多方面にわたる活動,チェス：座位,miscellaneous,"chess game, sitting"
09015,1.5,多方面にわたる活動,文書のコピーをとる：立位,miscellaneous,"copying documents, standing"
09020,1.8,多方面にわたる活動,描く：書く、塗る、立位,miscellaneous,"drawing, writing, painting, standing"
09025,1,多方面にわたる活動,笑う：座位,miscellaneous,"laughing, sitting"
09030,1.3,多方面にわたる活動,座位：読書、本、新聞など,miscellaneous,"sitting, reading, book, newspaper, etc."
09040,1.3,多方面にわたる活動,座位：書く、デスクワーク、タイピング,miscellaneous,"sitting, writing, desk work, typing"
09045,1,多方面にわたる活動,座位：従来のビデオゲーム、コンピュータゲーム,miscellaneous,"sitting, playing traditional video game, computer game"
09050,1.8,多方面にわたる活動,立位：伒話をする、電話をする、コンピュータまたはテキストメッセージを送る、楽な労力,miscellaneous,"standing, talking in person, on the phone, computer, or text messaging, light effort"
09055,1.5,多方面にわたる活動,座位：伒話をする、電話をする、コンピュータまたはテキストメッセージを送る、楽な労力,miscellaneous,"sitting, talking in person, on the phone, computer, or text messaging, light effort"
09060,1.3,多方面にわたる活動,座位：勉強、全般、読み書きを含む、楽な労力,miscellaneous,"sitting, studying, general, including reading and/or writing, light effort"
09065,1.8,多方面にわたる活動,座位：学校の授業、全般、ノートをとることや討論をすることなどを含む,miscellaneous,"sitting, in class, general, including note-taking or class discussion"
09070,1.8,多方面にわたる活動,立位：読書,miscellaneous,"standing, reading"
09071,2.5,多方面にわたる活動,立位：さまざまなことをする,miscellaneous,"standing, miscellaneous"
09075,1.8,多方面にわたる活動,座位：美術品や工芸品、木彫りの工芸品を作る、機織り、紡績、楽な労力,miscellaneous,"sitting, arts and crafts, carving wood, weaving, spinning wool, light effort"
09080,3,多方面にわたる活動,座位：美術品や工芸品、木彫りの工芸品を作る、機織り、紡績、ほどほどの労力,miscellaneous,"sitting, arts and crafts, carving wood, weaving, spinning wool, moderate effort"
09085,2.5,多方面にわたる活動,立位：美術品や工芸品、木彫りの工芸品を作る、機織り、紡績、楽な労力,miscellaneous,"standing, arts and crafts, sand painting, carving, weaving, light effort"
09090,3.3,多方面にわたる活動,立位：美術品や工芸品、木彫りの工芸品を作る、機織り、紡績、ほどほどの労力,miscellaneous,"standing, arts and crafts, sand painting, carving, weaving, moderate effort"
09095,3.5,多方面にわたる活動,立位：美術品や工芸品、木彫りの工芸品を作る、機織り、紡績、きつい労力,miscellaneous,"standing, arts and crafts, sand painting, carving, weaving, vigorous effort"
09100,1.8,多方面にわたる活動,静養・家族で親睦伒：座位、くつろぐ、伒話をする、食事をする,miscellaneous,"retreat/family reunion activities involving sitting, relaxing, talking, eating"
09101,3,多方面にわたる活動,静養・家族で親睦伒：子どもとゲームをして遊ぶ,miscellaneous,retreat/family reunion activities involving playing games with children
09105,2,多方面にわたる活動,乗り物に乗って旅行やバカンスをする,miscellaneous,touring/traveling/vacation involving riding in a vehicle
09106,3.5,多方面にわたる活動,徒歩で旅行やバカンスをする,miscellaneous,touring/traveling/vacation involving walking
09110,2.5,多方面にわたる活動,立位、座位、歩行を含むキャンプをする：楽からほどほどの労力,miscellaneous,"camping involving standing, walking, sitting, light-to-moderate effort"
09115,1.5,多方面にわたる活動,スポーツイベントでの座位：観戦,miscellaneous,"sitting at a sporting event, spectator"
10010,1.8,音楽活動,アコーディオンの演奏：座位,music playing,"accordion, sitting"
10020,2.3,音楽活動,チェロの演奏：座位,music playing,"cello, sitting"
10030,2.3,音楽活動,オーケストラの指揮をする：立位,music playing,"conducting orchestra, standing"
10035,2.5,音楽活動,コントラバスの演奏：立位,music playing,"double bass, standing"
10040,3.8,音楽活動,ドラムの演奏：座位,music playing,"drums, sitting"
10045,3,音楽活動,打楽器(例：ボンゴ、コンガ、ベンベ)：ほどほどの労力、座位,music playing,"drumming (e.g., bongo, conga, benbe), moderate, sitting"
10050,2,音楽活動,フルートの演奏：座位,music playing,"flute, sitting"
10060,1.8,音楽活動,ホルンの演奏：立位,music playing,"horn, standing"
10070,2.3,音楽活動,ピアノの演奏：座位,music playing,"piano, sitting"
10074,2,音楽活動,楽器の演奏：全般,music playing,"playing musical instruments, general"
10077,2,音楽活動,オルガンの演奏：座位,music playing,"organ, sitting"
10080,3.5,音楽活動,トロンボーンの演奏：立位,music playing,"trombone, standing"
10090,1.8,音楽活動,トランペットの演奏：立位,music playing,"trumpet, standing"
10100,2.5,音楽活動,バイオリンの演奏：座位,music playing,"violin, sitting"
10110,1.8,音楽活動,木管楽器の演奏：座位,music playing,"woodwind, sitting"
10120,2,音楽活動,ギターの演奏：クラッシックギター、フォークギター、座位,music playing,"guitar, classical, folk, sitting"
10125,3,音楽活動,ギターの演奏：ロックンロールバンド、立位,music playing,"guitar, rock and roll band, standing"
10130,4,音楽活動,マーチングバンド：バトントワリング、歩行、ほどほどのペース、全般,music playing,"marching band, baton twirling, walking, moderate pace, general"
10131,5.5,音楽活動,マーチングバンド：楽器演奏、歩行、速いペース、全般,music playing,"marching band, playing an instrument, walking, brisk pace, general"
10135,3.5,音楽活動,マーチングバンド：楽隊長、歩行,music playing,"marching band, drum major, walking"
11003,2.3,職業,アクティブワークステーション：トレッドミルデスク、歩行,occupation,"active workstation, treadmill desk, walking"
11006,3,職業,飛行機の客室乗務員,occupation,airline flight attendant
11010,4,職業,パンづくり：全般、ほどほどの労力,occupation,"bakery, general, moderate effort"
11015,2,職業,パンづくり：楽な労力,occupation,"bakery, light effort"
11020,2.3,職業,製本作業,occupation,bookbinding
11030,6,職業,道路工事：重機の運転,occupation,"building road, driving heavy machinery"
11035,2,職業,道路工事：交通整備、立位,occupation,"building road, directing traffic, standing"
11038,2.5,職業,大工仕事：全般、楽な労力,occupation,"carpentry, general, light effort"
11040,4.3,職業,大工仕事：全般、ほどほどの労力,occupation,"carpentry, general, moderate effort"
11042,7,職業,大工仕事：全般、重労働、またはきつい労力,occupation,"carpentry, general, heavy or vigorous effort"
11050,8,職業,重い荷物の運搬(例：レンガ、工具),occupation,"carrying heavy loads (e.g., bricks, tools)"
11060,8,職業,ほどほどの重さの荷物を上の階に運ぶ：11.3-22.2kgの箱,occupation,"carrying moderate loads up stairs, moving boxes 25-49 lbs"
11070,4,職業,客室係：ホテル等の客室業務、ベッドメイク、浴室清掃、カートを押す,occupation,"chambermaid, hotel housekeeper, making bed, cleaning bathroom, pushing cart"
11080,5.3,職業,炭鉱作業：石炭や岩の掘削,occupation,"coal mining, drilling coal, rock"
11090,5,職業,炭鉱作業：支柱をたてる,occupation,"coal mining, erecting supports"
11100,5.5,職業,炭鉱作業：全般,occupation,"coal mining, general"
11110,6.3,職業,炭鉱作業：石炭をシャベルで掘る,occupation,"coal mining, shoveling coal"
11115,2.5,職業,調理する：シェフ,occupation,"cook, chef"
11120,4,職業,建築作業：屋外、改築、新築(例：屋根の修理、その他),occupation,"construction, outside, remodeling, new structures (e.g., roof repair, miscellaneous)"
11125,2.3,職業,施設管理業務：楽な労力(例：流しやトイレの清掃、ほこり払い、掃除機掛け、簡単な掃除),occupation,"custodial work, light effort (e.g., cleaning sink and toilet, dusting, vacuuming, light cleaning)"
11126,3.8,職業,除機掛け),,"(occupation) (custodial work, moderate effort (e.g., electric buffer, feathering arena floors, mopping, taking out trash,"
11130,3.3,職業,電気関係の仕事(例：配線工事をする、ケーブルの取り付けや接合),occupation,"electrical work (e.g., hook up wire, tapping-splicing)"
11135,1.8,職業,エンジニア(例：機械係、電機系),occupation,"engineer (e.g., mechanical or electrical)"
11145,7.8,職業,農作業：きつい労力(例：干し草をまとめる、納屋を掃除する),occupation,"farming, vigorous effort (e.g., baling hay, cleaning barn)"
11146,4.8,職業,る),,"(occupation) (farming, moderate effort (e.g., feeding animals, chasing cattle by walking and/or horseback, spreading"
11147,2,職業,農作業：楽な労力(例：家畜小屋を掃除する、家畜の餌を用意する),occupation,"farming, light effort (e.g., cleaning animal sheds, preparing animal feed)"
11170,2.8,職業,農作業：運転(例：トラクターや収穫機),occupation,"farming, driving tasks (e.g., driving tractor or harvester)"
11180,3.5,職業,農作業：小動物に餌を不える,occupation,"farming, feeding small animals"
11190,4.3,職業,農作業：牛や馬に餌を不える,occupation,"farming, feeding cattle, horses"
11191,4.3,職業,農作業：家畜用の水を運搬する、水の運搬全般,occupation,"farming, hauling water for animals, general hauling water,farming, general hauling water"
11192,4.5,職業,ア、焼き印押し)、全般,,"(occupation) (farming, taking care of animals (e.g., grooming, brushing, shearing sheep, assisting with birthing, medical"
11195,3.8,職業,農作業：米の作付け、精米する,occupation,"farming, rice, planting, grain milling activities"
11210,3.5,職業,農作業：手作業での搾乳、桶の掃除、ほどほどの労力,occupation,"farming, milking by hand, cleaning pails, moderate effort"
11220,1.3,職業,農作業：機械を用いての搾乳、楽な労力,occupation,"farming, milking by machine, light effort"
11240,8,職業,消防士：全般,occupation,"fire fighter, general"
11244,6.8,職業,消防士：救出活動、自動車事故の現場、フックを用いて,occupation,"fire fighter, rescue victim, automobile accident, using pike pole"
11245,8,職業,消防士：防火服一式を装備してハシゴを登る、消火訓練,occupation,"fire fighter, raising and climbing ladder with full gear, simulated fire supression"
11247,3.5,職業,釣り：営利目的、楽な労力,occupation,"fishing, commercial, light effort"
11248,5,職業,釣り：営利目的、ほどほどの労力,occupation,"fishing, commercial, moderate effort"
11249,7,職業,釣り：営利目的、きつい労力,occupation,"fishing, commercial, vigorous effort"
11250,17.5,職業,林業：斧による伐採、とても速い、1.25kgの斧、毎分51回、極めてきつい労力,occupation,"forestry, ax chopping, very fast, 1.25 kg axe, 51 blows/min, extremely vigorous effort"
11260,5,職業,林業：斧による伐採、ゆっくり、1.25kgの斧、毎分19回、ほどほどの労力,occupation,"forestry, ax chopping, slow, 1.25 kg axe, 19 blows/min, moderate effort"
11262,8,職業,林業：斧による伐採、速い、1.25kgの斧、毎分35回、きつい労力,occupation,"forestry, ax chopping, fast, 1.25 kg axe, 35 blows/min, vigorous effort"
11264,4.5,職業,林業：ほどほどの労力(例：チェーンソーを使って木を切る、除草する、くわで掘る),occupation,"forestry, moderate effort (e.g., sawing wood with power saw, weeding, hoeing)"
11266,8,職業,を切る),,"(occupation) (forestry, vigorous effort (e.g., barking, felling, or trimming trees, carrying or stacking logs, planting seeds,"
11370,4.5,職業,毛皮作り,occupation,furriery
11375,4,職業,ゴミの収集：歩行、トラックにゴミ袋を投げる,occupation,"garbage collector, walking, dumping bins into truck"
11378,1.8,職業,ヘアスタイリスト(例：髪を編む、マニキュアを塗る、化粧をする),occupation,"hairstylist (e.g., plaiting hair, manicure, make-up artist)"
11381,4.3,職業,馬の世話：餌やり、水やり、馬房の掃除、歩行や荷物の持ち上げ動作を含む,occupation,"horse, feeding, watering, cleaning stalls, implied walking and lifting loads"
11390,7.3,職業,馬のレース：ギャロップ(襲歩),occupation,"horse racing, galloping"
11400,5.8,職業,馬のレース：トロッティング(速足),occupation,"horse racing, trotting"
11410,3.8,職業,馬のレース：ウォーキング(常歩),occupation,"horse racing, walking"
11413,3,職業,台所の手伝い,occupation,kitchen maid
11415,4,職業,芝生の管理：庩仕事、全般,occupation,"lawn keeper, yard work, general"
11418,3.3,職業,洗濯業務,occupation,laundry worker
11420,3,職業,錠前師,occupation,locksmith
11450,5,職業,製造業：パンチプレスする、ほどほどの労力,occupation,"Machine tooling, operating punch press, moderate effort"
11472,1.8,職業,管理：資産管理,occupation,"manager, property"
11475,2.8,職業,肉体労働や単純労働：全般、楽な労力,occupation,"manual or unskilled labor, general, light effort"
11476,4.5,職業,肉体労働や単純労働：全般、ほどほどの労力,occupation,"manual or unskilled labor, general, moderate effort"
11477,6.5,職業,肉体労働や単純労働：全般、きつい労力,occupation,"manual or unskilled labor, general, vigorous effort"
11480,4.3,職業,左官：コンクリートで固める、ほどほどの労力,occupation,"masonry, concrete, moderate effort"
11482,2.5,職業,左官：コンクリートで固める、楽な労力,occupation,"masonry, concrete, light effort"
11485,4,職業,マッサージ師：立位,occupation,"massage therapist, standing"
11490,7.5,職業,積む),,"(occupation) (moving, carrying or pushing heavy objects, 75 lbs or more, only active time (e.g., desks, moving van"
11495,12,職業,潜水士としてスキンダイビングやスキューバダイビング：米海軍特殊部隊,occupation,"skindiving or SCUBA diving as a frogman, Navy Seal"
11500,2.5,職業,重機の操作：自動運転、自分で操縦はしない,occupation,"operating heavy duty equipment, automated, not driving"
11510,4.5,職業,みかん畑の仕事：果実を摘む,occupation,"orange grove work, picking fruit"
11514,3.3,職業,塗装：家、家具、ほどほどの労力,occupation,"painting,house, furniture, moderate effort"
11516,3,職業,配管工事,occupation,plumbing activities
11520,2,職業,印刷：製紙業、立位,occupation,"printing, paper industry worker, standing"
11525,2.5,職業,警察官：交通整理、立位,occupation,"police, directing traffic, standing"
11526,2.5,職業,警察官：パトロールカーを運転する、座位,occupation,"police, driving a squad car, sitting"
11527,1.3,職業,警察官：パトロールカーに乗る、座位,occupation,"police, riding in a squad car, sitting"
11528,4,職業,警察官：逮捕する、立位,occupation,"police, making an arrest, standing"
11529,2.3,職業,郵便配達員：配達のために歩く,occupation,"postal carrier, walking to deliver mail"
11530,2,職業,靴の修理：全般,occupation,"shoe repair, general"
11540,7.8,職業,シャベルで掘る：溝を掘る,occupation,"shoveling, digging ditches"
11550,8.8,職業,シャベルで掘る：毎分7.3kg以上、深く掘る、きつい労力,occupation,"shoveling, more than 16 lbs/minute, deep digging, vigorous effort"
11560,5,職業,シャベルで掘る：毎分4.5kg未満、ほどほどの労力,occupation,"shoveling, less than 10 lbs/minute, moderate effort"
11570,6.5,職業,シャベルで掘る：毎分4.5-6.8kg、きつい労力,occupation,"shoveling, 10 to 15 lbs/minute, vigorous effort"
11580,1.5,職業,理、読書、デスクワーク),,"(occupation) (sitting tasks, light effort (e.g., office work, chemistry lab work, computer work, light assembly repair, watch"
11585,1.5,職業,座位での打合せ：楽な労力、全般、談話を含む(例：食事をしながらの打合せ),occupation,"sitting meetings, light effort, general, and/or with talking involved (e.g., eating at a business meeting)"
11590,2.5,職業,座位作業：ほどほどの労力(例：重いレバーを押す、芝刈り機やフォークリフトに乗る、クレーンの操作),occupation,"sitting tasks, moderate effort (e.g., pushing heavy levers, riding mower/forklift, crane operation)"
11593,2.8,職業,座位：ストレッチやヨガ、または強度の低い運動の指導をする,occupation,"sitting, teaching stretching or yoga, or light effort exercise class"
11610,3,職業,包、看護),,"(occupation) (standing, light/moderate effort (e.g., assemble/repair heavy parts, welding,stocking parts,auto"
11615,4.5,職業,立位：ほどほどの労力、物を持ち続ける、4.5-9.1kg、ほとんど歩行しない、あるいはじっとしている,occupation,"standing, moderate effort, lifting items continuously, 10 – 20 lbs, with limited walking or resting"
11620,3.5,職業,立位：ほどほどの労力、断続的に22.7kgの物を持ち上げる、ロープを結ぶ/巻きつける),occupation,"standing, moderate effort, intermittent lifting 50 lbs, hitch/twisting ropes"
11708,5.3,職業,製鋼所：ほどほどの労力(例：鋳肌掃除、鍛造、鋳型を傾ける),occupation,"steel mill, moderate effort (e.g., fettling, forging, tipping molds)"
11710,8.3,職業,製鋼所：きつい労力(例：手作業での圧延、圧延機の使用、鉱滓を取り除く、溶鉱炉の手入れをする),occupation,"steel mill, vigorous effort (e.g., hand rolling, merchant mill rolling, removing slag, tending furnace)"
11720,2.3,職業,仕立て作業：裁断,occupation,"tailoring, cutting fabric"
11730,2.5,職業,仕立て作業：全般,occupation,"tailoring, general"
11740,1.8,職業,仕立て作業：裁縫をする,occupation,"tailoring, hand sewing"
11750,2.5,職業,仕立て作業：ミシンをかける,occupation,"tailoring, machine sewing"
11760,3.5,職業,仕立て作業：アイロンがけ,occupation,"tailoring, pressing"
11765,4,職業,セットする、ピンワインディング、コーンワインディング、整経、裁断),,"(occupation) (tailoring, weaving, moderate effort (e.g., spinning and weaving operations, delivering boxes of yam to"
11767,2,職業,トラック運転：運送トラック、タクシー、シャトルバス、スクールバスの運転,occupation,"Truch, driving delivery truck, taxi, shuttlebus, school bus"
11770,1.3,職業,タイピング：電子タイプライター、手動タイプライター、コンピュータのキーボード,occupation,"typing, electric, manual or computer"
11780,6.3,職業,圧縮空気を動力とする重たい電動工具を使う(例：削岩機、ドリル),occupation,"using heavy power tools such as pneumatic tools (e.g., jackhammers, drills)"
11790,8,職業,シャベル、つるはし、じょうご、くわのような(電動ではない)重たい道具を使う,occupation,"using heavy tools (not power) such as shovel, pick, tunnel bar, spade"
11791,2,職業,仕事中の歩行：3.2km/時未満、非常にゆっくり、オフィスや研究室内,occupation,"walking on job, less than 2.0 mph, very slow speed, in office or lab area"
11792,3.5,職業,仕事中の歩行：4.8km/時、オフィス内、ほどほどの速さ、何も持たずに,occupation,"walking on job, 3.0 mph, in office, moderate speed, not carrying anything"
11793,4.3,職業,仕事中の歩行：5.6km/時、オフィス内、速い、何も持たずに,occupation,"walking on job, 3.5 mph, in office, brisk speed, not carrying anything"
11795,3.5,職業,仕事中の歩行：4.0km/時、ゆっくり、11.3kg未満の軽い物を運ぶ,occupation,"walking on job, 2.5 mph, slow speed and carrying light objects less than 25 lbs"
11796,3,職業,歩行：職場で物を回収する、出発の準備をする,occupation,"walking, gathering things at work, ready to leave"
11797,3.8,職業,歩行：4.0km/時、ゆっくり、11.3kg以上の重たい物を運ぶ,occupation,"walking, 2.5 mph, slow speed, carrying heavy objects more than 25 lbs"
11800,4.5,職業,歩行：4.8km/時、ほどほどの速さ、11.3kg未満の軽い物を運ぶ,occupation,"walking, 3.0 mph, moderately and carrying light objects less than 25 lbs"
11805,3.5,職業,歩行：車いすを押して歩く,occupation,"walking, pushing a wheelchair"
11810,4.8,職業,歩行：5.6km/時、速い、11.3kg未満の物を運ぶ,occupation,"walking, 3.5 mph, briskly and carrying objects less than 25 lbs"
11820,5,職業,歩行や階段を降りる、または立位：11.3-22.2kgの物を運ぶ,occupation,"walking or walk downstairs or standing, carrying objects about 25 to 49 lbs"
11830,6.5,職業,歩行や階段を降りる、または立位：22.7-33.6kgの物を運ぶ,occupation,"walking or walk downstairs or standing, carrying objects about 50 to 74 lbs"
11840,7.5,職業,歩行や階段を降りる、または立位：34.0-44.9kgの物を運ぶ,occupation,"walking or walk downstairs or standing, carrying objects about 75 to 99 lbs"
11850,8.5,職業,歩行や階段を降りる、または立位：45.4kg以上の物を運ぶ,occupation,"walking or walk downstairs or standing, carrying objects about 100 lbs or more"
11870,3,職業,劇場の作業場での仕事：舞台俳優、舞台裏の仕事,occupation,"working in scene shop, theater actor, backstage employee"
12010,6,ランニング,ジョギングと歩行の組み合わせ(ジョギングは10分未満),running) (jog/walk combination (jogging component of less than 10 minutes,Taylor Code 180)
12020,7,ランニング,ジョギング：全般,running,"jogging, general"
12025,8,ランニング,ジョギング：その場で,running,"jogging, in place"
12027,4.5,ランニング,ジョギング：ミニトランポリンの上で,running,"jogging, on a mini-tramp"
12029,6,ランニング,ランニング：6.4km/時、107.3m/分,running,"Running, 4 mph (13 min/mile)"
12030,8.3,ランニング,ランニング：8.0km/時、134.1m/分,running,"running, 5 mph (12 min/mile)"
12040,9,ランニング,ランニング：8.4km/時、139.4m/分,running,"running, 5.2 mph (11.5 min/mile)"
12050,9.8,ランニング,ランニング：9.7km/時、160.9m/分,running,"running, 6 mph (10 min/mile)"
12060,10.5,ランニング,ランニング：10.8km/時、179.7m/分,running,"running, 6.7 mph (9 min/mile)"
12070,11,ランニング,ランニング：11.3km/時、187.7m/分,running,"running, 7 mph (8.5 min/mile)"
12080,11.5,ランニング,ランニング：12.1km/時、201.1m/分,running,"running, 7.5 mph (8 min/mile)"
12090,11.8,ランニング,ランニング：12.9km/時、214.5m/分,running,"running, 8 mph (7.5 min/mile)"
12100,12.3,ランニング,ランニング：13.8km/時、230.6m/分,running,"running, 8.6 mph (7 min/mile)"
12110,12.8,ランニング,ランニング：14.5km/時、241.4m/分,running,"running, 9 mph (6.5 min/mile)"
12120,14.5,ランニング,ランニング：16.1km/時、268.2m/分,running,"running, 10 mph (6 min/mile)"
12130,16,ランニング,ランニング：17.7km/時、295.0m/分,running,"running, 11 mph (5.5 min/mile)"
12132,19,ランニング,ランニング：19.3km/時、321.8ｍ/分,running,"running, 12 mph (5 min/mile)"
12134,19.8,ランニング,ランニング：20.9km/時、348.6m/分,running,"running, 13 mph (4.6 min/mile)"
12135,23,ランニング,ランニング：22.5km/時、375.4m/分,running,"running, 14 mph (4.3 min/mile)"
12140,9,ランニング,ランニング：クロスカントリー,running,"running, cross country"
12150,8,ランニング,ランニング,running,"running, (Taylor code 200)"
12170,15,ランニング,ランニング：階段を上がる,running,"running, stairs, up"
12180,10,ランニング,ランニング：トラック、チーム練習,running,"running, on a track, team practice"
12190,8,ランニング,ランニング：トレーニング、車いすやベビーカーを押す,running,"running, training, pushing a wheelchair or baby carrier"
12200,13.3,ランニング,ランニング：マラソン,running,"running, marathon"
13000,2.3,セルフケア,就寝の準備をする：全般、立位,self care,"getting ready for bed, general, standing"
13009,1.8,セルフケア,トイレ：座位、立位、またはしゃがんでの排泄,self care,"sitting on toilet, eliminating while standing or squating"
13010,1.5,セルフケア,入浴：座位,self care,"bathing, sitting"
13020,2.5,セルフケア,着替え：立位、または座位,self care,"dressing, undressing, standing or sitting"
13030,1.5,セルフケア,食事をする：座位,self care,"eating, sitting"
13035,2,セルフケア,伒話をしながら食事をするまたは食事のみ：立位,self care,"talking and eating or eating only, standing"
13036,1.5,セルフケア,薬を飲む：座位、または立位,self care,"taking medication, sitting or standing"
13040,2,セルフケア,身支度をする：手を洗う、髭を剃る、歯を磨く、化粧をする、座位、または立位,self care,"grooming, washing hands, shaving, brushing teeth, putting on make-up, sitting or standing"
13045,2.5,セルフケア,髪形を整える：立位,self care,"hairstyling, standing"
13046,1.3,セルフケア,ヘアーカットやネイルアートをしてもらう：座位,self care,"having hair or nails done by someone else, sitting"
13050,2,セルフケア,シャワーを浴びる：タオルで拭く、立位,self care,"showering, toweling off, standing"
14010,2.8,性行動,積極的：きつい労力,sexual activity,"active, vigorous effort"
14020,1.8,性行動,全般：ほどほどの労力,sexual activity,"general, moderate effort"
14030,1.3,性行動,受動的：楽な労力、キスをする、抱きしめる,sexual activity,"passive, light effort, kissing, hugging"
15000,5.5,スポーツ,アラスカ・ネィティブ・ゲーム：エスキモーオリンピック、全般,sports,"Alaska Native Games, Eskimo Olympics, general"
15010,4.3,スポーツ,アーチェリー：狩猟以外,sports,"archery, non-hunting"
15020,7,スポーツ,ハンドボール：試合,sports,"badminton, competitive (Taylor Code 450)"
15030,5.5,スポーツ,バドミントン：試合以外でのシングルとダブルス,sports,"badminton, social singles and doubles, general"
15040,8,スポーツ,バスケットボール：試合,sports,"basketball, game (Taylor Code 490)"
15050,6,スポーツ,バスケットボール：試合以外、全般,sports,"basketball, non-game, general (Taylor Code 480)"
15055,6.5,スポーツ,バスケットボール：全般,sports,"basketball, general"
15060,7,スポーツ,バスケットボール：審判をする,sports,"basketball, officiating (Taylor Code 500)"
15070,4.5,スポーツ,バスケットボール：シュート練習,sports,"basketball, shooting baskets"
15072,9.3,スポーツ,バスケットボール：基礎練習,sports,"basketball, drills, practice"
15075,7.8,スポーツ,バスケットボール：車いす,sports,"basketball, wheelchair"
15080,2.5,スポーツ,ビリヤード,sports,billiards
15090,3,スポーツ,ボウリング,sports,bowling (Taylor Code 390)
15092,3.8,スポーツ,ボウリング：屋内、ボウリング場で,sports,"bowling, indoor, bowling alley"
15100,12.8,スポーツ,ボクシング：リング上で、全般,sports,"boxing, in ring, general"
15110,5.5,スポーツ,ボクシング：サンドバッグを叩く,sports,"boxing, punching bag"
15120,7.8,スポーツ,ボクシング：スパーリング,sports,"boxing, sparring"
15130,7,スポーツ,ブルームボール,sports,broomball
15135,5.8,スポーツ,ル、テザーボール、おはじきやビー玉遊び、アーケードゲーム),,"(sports) (children’s games, adults playing (e.g., hopscotch, 4-square, dodgeball, playground apparatus, t-ball,"
15138,6,スポーツ,チアリーディング：体操的な動き、競技,sports,"cheerleading, gymnastic moves, competitive"
15140,4,スポーツ,コーチング：アメフト、サッカー、バスケットボール、野球、水泳等,sports,"coaching, football, soccer, basketball, baseball, swimming, etc."
15142,8,スポーツ,コーチング：選手と一緒に積極的にプレーに参加する,sports,"coaching, actively playing sport with players"
15150,4.8,スポーツ,クリケット：バッティング、ボウリング、フィールディング,sports,"cricket, batting, bowling, fielding"
15170,4,スポーツ,カーリング,sports,curling
15180,2.5,スポーツ,ダーツ：ウォールダーツ、ヤードダーツ,sports,"darts, wall or lawn"
15190,6,スポーツ,ドラッグレース：車を押す、運転する,sports,"drag racing, pushing or driving a car"
15192,8.5,スポーツ,オートレーシング：オープンホイールカー(フォーミュラカー),sports,"auto racing, open wheel"
15200,6,スポーツ,フェンシング,sports,fencing
15210,8,スポーツ,アメリカンフットボール：試合,sports,"football, competitive"
15230,8,スポーツ,アメリカンフットボール：タッチフットボール、フラッグフットボール、全般,sports,"football, touch, flag, general (Taylor Code 510)"
15232,4,スポーツ,アメリカンフットボール：タッチフットボール、フラッグフットボール、楽な労力,sports,"football, touch, flag, light effort"
15235,2.5,スポーツ,アメリカンフットボールや野球：捕球,sports,"football or baseball, playing catch"
15240,3,スポーツ,フリスビー：全般,sports,"frisbee playing, general"
15250,8,スポーツ,フリスビー：アルティメット,sports,"frisbee, ultimate"
15255,4.8,スポーツ,ゴルフ：全般,sports,"golf, general"
15265,4.3,スポーツ,ゴルフ：歩行、クラブを運ぶ,sports,"golf, walking, carrying clubs"
15270,3,スポーツ,ゴルフ：小規模のゴルフ、打ちっぱなし場,sports,"golf, miniature, driving range"
15285,5.3,スポーツ,ゴルフ：歩行、クラブを手で引く,sports,"golf, walking, pulling clubs"
15290,3.5,スポーツ,ゴルフ：パワーカートを使う,sports,"golf, using power cart (Taylor Code 070)"
15300,3.8,スポーツ,体操：全般,sports,"gymnastics, general"
15310,4,スポーツ,ハッキーサック(フットバッグ),sports,hacky sack
15320,12,スポーツ,ハンドボール：全般,sports,"handball, general (Taylor Code 520)"
15330,8,スポーツ,ハンドボール：チーム練習,sports,"handball, team"
15335,4,スポーツ,ハイロープコース：複合的な要素からなる,sports,"high ropes course, multiple elements"
15340,3.5,スポーツ,ハングライダー,sports,hang gliding
15350,7.8,スポーツ,ホッケー：フィールド,sports,"hockey, field"
15360,8,スポーツ,ホッケー：氷上、全般,sports,"hockey, ice, general"
15362,10,スポーツ,ホッケー：氷上、試合,sports,"hockey, ice, competitive"
15370,5.5,スポーツ,乗馬：全般,sports,"horseback riding, general"
15375,4.3,スポーツ,馬の世話：餌やり、水浴び、馬房の掃除、歩行や荷物を持ち上げる動作を含む,sports,"horse chores, feeding, watering, cleaning stalls, implied walking and lifting loads"
15380,4.5,スポーツ,鞍をつけた馬に乗る、馬の掃除をする、馬のグルーミングをする、馬に装具を着ける、馬の装具を外す,sports,"saddling, cleaning, grooming, harnessing and unharnessing horse"
15390,5.8,スポーツ,乗馬：トロッティング(速足),sports,"horseback riding, trotting"
15395,7.3,スポーツ,乗馬：キャンター(駈足)、ギャロップ(襲歩),sports,"horseback riding, canter or gallop"
15400,3.8,スポーツ,乗馬：ウォーキング(常歩),sports,"horseback riding,walking"
15402,9,スポーツ,乗馬：ジャンプ,sports,"horseback riding, jumping"
15408,1.8,スポーツ,馬車：運転する、立位または座位,sports,"horse cart, driving, standing or sitting"
15410,3,スポーツ,蹄鉄を投げる：輪投げ,sports,"horseshoe pitching, quoits"
15420,12,スポーツ,ハイ・アライ(バスク・ ペロタ),sports,jai alai
15425,5.3,スポーツ,武術：様々な種類、ゆっくり、初心者、練習,sports,"martial arts, different types, slower pace, novice performers, practice"
15430,10.3,スポーツ,ボ、ムエタイ),,"(sports) (martial arts, different types, moderate pace (e.g., judo, jujitsu, karate, kick boxing, tae kwan do, tai-bo,"
15440,4,スポーツ,ジャグリング,sports,juggling
15450,7,スポーツ,キックボール,sports,kickball
15460,8,スポーツ,ラクロス,sports,lacrosse
15465,3.3,スポーツ,芝生でのボウリング：ボッチェボール、屋外,sports,"lawn bowling, bocce ball, outdoor"
15470,4,スポーツ,モトクロス：オフロードのモータースポーツ、オール・テライン・ビークル(オフロードカー)、全般,sports,"moto-cross, off-road motor sports, all-terrain vehicle, general"
15480,9,スポーツ,オリエンテーリング,sports,orienteering
15490,10,スポーツ,パドルボール：試合,sports,"paddleball, competitive"
15500,6,スポーツ,パドルボール：形式ばらない、全般,sports,"paddleball, casual, general (Taylor Code 460)"
15510,8,スポーツ,ポロ(馬に乗りながら行うホッケー)：馬の背に乗って,sports,"polo, on horseback"
15520,10,スポーツ,ラケットボール：試合,sports,"racquetball, competitive"
15530,7,スポーツ,ラケットボール：全般,sports,"racquetball, general (Taylor Code 470)"
15533,8,スポーツ,ロッククライミング、または山登り,sports) (rock or mountain climbing (Taylor Code 470,Formerly code = 17120)
15535,7.5,スポーツ,ロッククライミング：岩に昇る、高難易度,sports,"rock climbing, ascending rock, high difficulty"
15537,5.8,スポーツ,ロッククライミング：岩に登る、横移動をする、低～中難易度,sports,"rock climbing, ascending or traversing rock, low-to-moderate difficulty"
15540,5,スポーツ,ロッククライミング：ラペリング(降下),sports,"rock climbing, rappelling"
15542,4,スポーツ,ロデオスポーツ：全般、楽な労力,sports,"rodeo sports, general, light effort"
15544,5.5,スポーツ,ロデオスポーツ：全般、ほどほどの労力,sports,"rodeo sports, general, moderate effort"
15546,7,スポーツ,ロデオスポーツ：全般、きつい労力,sports,"rodeo sports, general, vigorous effort"
15550,12.3,スポーツ,縄跳び：速い、毎分120-160ステップ,sports,"rope jumping, fast pace, 120-160 skips/min"
15551,11.8,スポーツ,縄跳び：ほどほどのペース、毎分100-120ステップ、全般、両足跳び、単純な跳ねる動作,sports,"rope jumping, moderate pace, 100-120 skips/min, general, 2 foot skip, plain bounce"
15552,8.8,スポーツ,縄跳び：ゆっくり、毎分100ステップ未満、両足跳び、リズムに合わせて跳ぶ,sports,"rope jumping, slow pace, < 100 skips/min, 2 foot skip, rhythm bounce"
15560,8.3,スポーツ,ラグビー：ユニオン、チーム練習、試合,sports,"rugby, union, team, competitive"
15562,6.3,スポーツ,ラグビー：タッチ、試合以外,sports,"rugby, touch, non-competitive"
15570,3,スポーツ,シャッフルボード(長い棒で円盤を突いて点数を書いた枞の中に入れるゲーム、主に船の甲板でする),sports,shuffleboard
15580,5,スポーツ,スケートボード：全般、ほどほどの労力,sports,"skateboarding, general, moderate effort"
15582,6,スポーツ,スケートボード：競技、きつい労力,sports,"skateboarding, competitive, vigorous effort"
15590,7,スポーツ,スケート：ローラー,sports,"skating, roller (Taylor Code 360)"
15591,7.5,スポーツ,ローラーブレード：インラインスケート、14.4km/時、気晴らし程度のペース,sports,"rollerblading, in-line skating, 14.4 km/h (9.0 mph), recreational pace"
15592,9.8,スポーツ,ローラーブレード：インラインスケート、17.7km/時、ほどほどのペース、運動トレーニング,sports,"rollerblading, in-line skating, 17.7 km/h (11.0 mph), moderate pace, exercise training"
15593,12.3,スポーツ,ローラーブレード：インラインスケート、21.0-21.7km/時、速い、運動トレーニング,sports,"rollerblading, in-line skating, 21.0 to 21.7 km/h (13.0 to 13.6 mph), fast pace, exercise training"
15594,14,スポーツ,ローラーブレード：インラインスケート、24.1km/時、最大努力で,sports,"rollerblading, in-line skating, 24.0 km/h (15.0 mph), maximal effort"
15600,3.5,スポーツ,スカイダイビング、ベースジャンピング、バンジージャンプ,sports,"skydiving, base jumping, bungee jumping"
15605,10,スポーツ,サッカー：試合,sports,"soccer, competitive"
15610,7,スポーツ,サッカー：形式ばらない、全般,sports,"soccer, casual, general (Taylor Code 540)"
15620,5,スポーツ,ソフトボール、または野球：速い、あるいは遅い投球、全般,sports,"softball or baseball, fast or slow pitch, general (Taylor Code 440)"
15625,4,スポーツ,ソフトボール：練習,sports,"softball, practice"
15630,4,スポーツ,ソフトボール：審判,sports,"softball, officiating"
15640,6,スポーツ,ソフトボール：投球,sports,"softball,pitching"
15645,3.3,スポーツ,スポーツ観戦：とてもエキサイトする、感情的になる、身体の動きを伴う,sports,"sports spectator, very excited, emotional, physically moving"
15650,12,スポーツ,スカッシュ,sports,squash (Taylor Code 530)
15652,7.3,スポーツ,スカッシュ：全般,sports,"squash, general"
15660,4,スポーツ,卓球,sports,"table tennis, ping pong (Taylor Code 410)"
15670,3,スポーツ,太極拳、気功、全般,sports,"tai chi, qi gong, general"
15672,1.5,スポーツ,太極拳、気功、座位、楽な労力,sports,"tai chi, qi gong, sitting, light effort"
15675,7.3,スポーツ,テニス：全般,sports,"tennis, general"
15680,6,スポーツ,テニス：ダブルス,sports,"tennis, doubles (Taylor Code 430)"
15685,4.5,スポーツ,テニス：ダブルス,sports,"tennis, doubles"
15690,8,スポーツ,テニス：シングルス,sports,"tennis, singles (Taylor Code 420)"
15695,5,スポーツ,テニス：ボールを打つ、試合以外、ほどほどの労力,sports,"tennis, hitting balls, non-game play, moderate effort"
15700,3.5,スポーツ,トランポリン：気晴らし程度の,sports,"trampoline, recreational"
15702,4.5,スポーツ,トランポリン：競技,sports,"trampoline, competitive"
15710,4,スポーツ,バレーボール,sports,volleyball (Taylor Code 400)
15711,6,スポーツ,バレーボール：試合、体育館で,sports,"volleyball, competitive, in gymnasium"
15720,3,スポーツ,バレーボール：試合以外、6-9人チームで練習、全般,sports,"volleyball, non-competitive, 6 - 9 member team, general"
15725,8,スポーツ,バレーボール：ビーチ、砂場で,sports,"volleyball, beach, in sand"
15730,6,スポーツ,レスリング(1試合=5分),sports,wrestling (one match = 5 minutes)
15731,7,スポーツ,ウォーリーボール(壁で囲まれたコートで行うバレーボール)：全般,sports,"wallyball, general"
15732,4,スポーツ,陸上競技(例：砲丸投げ、円盤投げ、ハンマー投げ),sports,"track and field (e.g., shot, discus, hammer throw)"
15733,6,スポーツ,陸上競技(例：高跳び、幅跳び、三段跳び、槍投げ、棒高跳び),sports,"track and field (e.g., high jump, long jump, triple jump, javelin, pole vault)"
15734,10,スポーツ,陸上競技(例：障害物競争、ハードル),sports,"track and field (e.g., steeplechase, hurdles)"
16010,2.5,運搬,自動車や軽トラックの運転,transportation,automobile or light truck (not a semi) driving
16015,1.3,運搬,自動車やトラックに乗車,transportation,riding in a car or truck
16016,1.3,運搬,バスや電車に乗車,transportation,riding in a bus or train
16020,1.8,運搬,飛行機やヘリコプターの操縦,transportation,flying airplane or helicopter
16030,3.5,運搬,スクーターやオートバイの運転,transportation,"motor scooter, motorcycle"
16035,6.3,運搬,人力車を曳く,transportation,pulling rickshaw
16040,6,運搬,格納庨から小型飛行機を押し出す、押し戻す,transportation,pushing plane in and out of hangar
16050,2.5,運搬,1トン以上のトラック、トラクター、トレーラー、バスを運転する,transportation,"truck, semi, tractor, > 1 ton, or bus, driving"
16060,3.5,運搬,運搬のために歩く：4.5-5.1km/時、ほどほどのペース、平らで固い地面,transportation,"walking for transportation, 2.8-3.2 mph, level, moderate pace, firm surface"
17010,7,歩行,バックパックを背負って歩く,walking,backpacking (Taylor Code 050)
17012,7.8,歩行,バックパックを背負って歩く：ディパックを背負ってハイキングや遠足に行く,walking,"backpacking, hiking or organized walking with a daypack"
17020,5,歩行,6.8kgのものを運ぶ(例：スーツケース)：水平な地面、または階段を降りる,walking,"carrying 15 pound load (e.g. suitcase), level ground or downstairs"
17021,2.3,歩行,6.8kgの子どもを運ぶ：ゆっくり歩く,walking,"carrying 15 lb child, slow walking"
17025,8.3,歩行,荷物を上の階へ運ぶ：全般,walking,"carrying load upstairs, general"
17026,5,歩行,0.5-6.8kgの物を運ぶ：上の階へ,walking,"carrying 1 to 15 lb load, upstairs"
17027,6,歩行,7.3-10.9kgの物を運ぶ：上の階へ,walking,"carrying 16 to 24 lb load, upstairs"
17028,8,歩行,11.3-22.2kgの物を運ぶ：上の階へ,walking,"carrying 25 to 49 lb load, upstairs"
17029,10,歩行,22.7-33.6kgの物を運ぶ：上の階へ,walking,"carrying 50 to 74 lb load, upstairs"
17030,12,歩行,33.6kg以上の物を運ぶ：上の階へ,walking,"carrying > 74 lb load, upstairs"
17031,3.5,歩行,車に荷を積む、車から荷を降ろす：歩行を伴う,walking,"loading /unloading a car, implied walking"
17033,6.3,歩行,山を登る：荷物なし,walking,"climbing hills, no load"
17035,6.5,歩行,0-4.1kgの荷物を持って山を登る,walking,climbing hills with 0 to 9 lb load
17040,7.3,歩行,4.5-9.1kgの荷物を持って山を登る,walking,climbing hills with 10 to 20 lb load
17050,8.3,歩行,9.5-19.1kgの荷物を持って山を登る,walking,climbing hills with 21 to 42 lb load
17060,9,歩行,19.1kg以上の荷物を持って山を登る,walking,climbing hills with 42+ lb load
17070,3.5,歩行,階段を降りる,walking,descending stairs
17080,6,歩行,ハイキング：クロスカントリー,walking,"hiking, cross country (Taylor Code 040)"
17082,5.3,歩行,野原や丘の斜面をふつうのペースでハイキングする、または歩く,walking,hiking or walking at a normal pace through fields and hillsides
17085,2.5,歩行,バードウォッチング：ゆっくり歩く,walking,"bird watching, slow walk"
17088,4.5,歩行,行進する：ほどほどの速さ、軍隊、荷物なし,walking,"marching, moderate speed, military, no pack"
17090,8,歩行,速く行進する：軍隊、荷物なし,walking,"marching rapidly, military, no pack"
17100,4,歩行,ベビーカーを押しながら歩く、または子どもと一緒に歩く：4.0-5.0km/時,walking,"pushing or pulling stroller with child or walking with children, 2.5 to 3.1 mph"
17105,3.8,歩行,車いすを押す：仕事以外で,walking,"pushing a wheelchair, non-occupational"
17110,6.5,歩行,競歩,walking,race walking
17130,8,歩行,階段を上る：ハシゴを昇る,walking,"stair climbing, using or climbing up ladder (Taylor Code 030)"
17133,4,歩行,階段を上る：ゆっくり,walking,"stair climbing, slow pace"
17134,8.8,歩行,階段を上る：速い,walking,"stair climbing, fast pace"
17140,5,歩行,松葉杖を使って歩く,walking,using crutches
17150,2,歩行,歩行：家の中,walking,"walking, household"
17151,2,歩行,歩行：3.2km/時未満、水平な地面、散策、とてもゆっくり,walking,"walking, less than 2.0 mph, level, strolling, very slow"
17152,2.8,歩行,歩行：3.2km/時、ゆっくり、平らで固い地面,walking,"walking, 2.0 mph, level, slow pace, firm surface"
17160,3.5,歩行,散歩,walking,walking for pleasure (Taylor Code 010)
17161,2.5,歩行,家から車やバスまで歩く、車やバスから職場や目的地まで歩く,walking,"walking from house to car or bus, from car or bus to go places, from car or bus to and from the worksite"
17162,2.5,歩行,近所づきあいで隣家や親類の家まで歩く,walking,walking to neighbor’s house or family’s house for social reasons
17165,3,歩行,犬の散歩,walking,walking the dog
17170,3,歩行,歩行：4.0km/時、平らで固い地面,walking,"walking, 2.5 mph, level, firm surface"
17180,3.3,歩行,歩行：4.0km/時、下り坂,walking,"walking, 2.5 mph, downhill"
17190,3.5,歩行,歩行：4.5-5.1km/時、ほどほどの速さ、平らで固い地面,walking,"walking, 2.8 to 3.2 mph, level, moderate pace, firm surface"
17200,4.3,歩行,歩行：5.6km/時、速い、平らで固い地面、運動目的で歩く,walking,"walking, 3.5 mph, level, brisk, firm surface, walking for exercise"
17210,5.3,歩行,歩行：4.7-5.6km/時、上り坂、1-5%の勾配,walking,"walking, 2.9 to 3.5 mph, uphill, 1 to 5% grade"
17211,8,歩行,歩行：4.7-5.6km/時、上り坂、6-15%の勾配,walking,"walking, 2.9 to 3.5 mph, uphill, 6% to 15% grade"
17220,5,歩行,歩行：6.4km/時、平らで固い地面、とても速い,walking,"walking, 4.0 mph, level, firm surface, very brisk pace"
17230,7,歩行,歩行：7.2km/時、平らで固い地面、極めて速い,walking,"walking, 4.5 mph, level, firm surface, very, very brisk"
17231,8.3,歩行,歩行：8.0km/時、平らで固い地面,walking,"walking, 5.0 mph, level, firm surface"
17235,9.8,歩行,歩行：8.0km/時、上り坂、3%の勾配,walking,"walking, 5.0 mph, uphill, 3% grade"
17250,3.5,歩行,歩行：散歩、仕事の合間に歩く,walking,"walking, for pleasure, work break"
17260,4.8,歩行,歩行：芝のトラック,walking,"walking, grass track"
17262,4.5,歩行,歩行：ふつうのペースで、耕された土や砂の上を歩く,walking,"walking, normal pace, plowed field or sand"
17270,4,歩行,歩行：通勤や通学,walking,"walking, to work or class (Taylor Code 015)"
17280,2.5,歩行,歩行：離れ家までの往復,walking,"walking, to and from an outhouse"
17310,6.8,歩行,歩行：運動目的で、スキーポールを使って、ノルディックウォーキング、上り坂,walking,"walking, for exercise, with ski poles, Nordic walking, uphill"
17320,6,歩行,歩行：後ろ向きに、5.6km/時、水平な地面,walking,"walking, backwards, 3.5 mph, level"
17325,8,歩行,歩行：後ろ向きに、5.6km/時、上り坂、5%の勾配,walking,"walking, backwards, 3.5 mph, uphill, 5% grade"
18010,2.5,水上・水中活動,ボート：パワーボートを運転する,water activities,"boating, power, driving"
18012,1.3,水上・水中活動,ボート：パワーボートに乗る、楽な,water activities,"boating, power, passenger, light"
18020,4,水上・水中活動,カヌーを漕ぐ：キャンプ旅行する,water activities,"canoeing, on camping trip (Taylor Code 270)"
18025,3.3,水上・水中活動,カヌーを漕ぐ：米を収穫する、米のもみ殻を取り除く,water activities,"canoeing, harvesting wild rice, knocking rice off the stalks"
18030,7,水上・水中活動,カヌーを漕ぐ：水路から別の水路へカヌーを運搬する,water activities,"canoeing, portaging"
18040,2.8,水上・水中活動,カヌー、ボートを漕ぐ：3.2-6.3km/時、楽な労力,water activities,"canoeing, rowing, 2.0-3.9 mph, light effort"
18050,5.8,水上・水中活動,カヌー、ボートを漕ぐ：6.4-9.5km/時、ほどほどの労力,water activities,"canoeing, rowing, 4.0-5.9 mph, moderate effort"
18060,12.5,水上・水中活動,カヌー、ボート、カヤックを漕ぐ：競技、9.7km/時より速い、きつい労力,water activities,"canoeing, rowing, kayaking, competition, >6 mph, vigorous effort"
18070,3.5,水上・水中活動,カヌー、ボートを漕ぐ：趣味、全般,water activities,"canoeing, rowing, for pleasure, general (Taylor Code 250)"
18080,12,水上・水中活動,カヌー、ボートを漕ぐ：競技、競漕、スカル競技,water activities,"canoeing, rowing, in competition, or crew or sculling (Taylor Code 260)"
18090,3,水上・水中活動,飛び込み：踏み切り板、またはプラットホーム,water activities,"diving, springboard or platform"
18100,5,水上・水中活動,カヤック：ほどほどの労力,water activities,"kayaking, moderate effort"
18110,4,水上・水中活動,パドルボート(足で漕ぐボート),water activities,paddle boat
18120,3,水上・水中活動,セーリング：ボートやボードセーリング、ウィンドサーフィン、アイスセーリング、全般,water activities,"sailing, boat and board sailing, windsurfing, ice sailing, general (Taylor Code 235)"
18130,4.5,水上・水中活動,セーリング：競技,water activities,"sailing, in competition"
18150,6,水上・水中活動,スキー：水上スキー、ウェークボード(水上スノーボード),water activities,"skiing, water or wakeboarding (Taylor Code 220)"
18160,7,水上・水中活動,ジェットスキー：運転する、水上,water activities,"jet skiing, driving, in water"
18180,15.8,水上・水中活動,スキンダイビング：速い,water activities,"skindiving, fast"
18190,11.8,水上・水中活動,スキンダイビング：ほどほどの速さ,water activities,"skindiving, moderate"
18200,7,水上・水中活動,スキンダイビング、スキューバダイビング：全般,water activities,"skindiving, scuba diving, general (Taylor Code 310)"
18210,5,水上・水中活動,シュノーケリング,water activities,snorkeling (Taylor Code 310)
18220,3,水上・水中活動,サーフィン：ボディサーフィン、ボードサーフィン、全般,water activities,"surfing, body or board, general"
18222,5,水上・水中活動,サーフィン：ボディサーフィン、ボードサーフィン、競技,water activities,"surfing, body or board, competitive"
18225,6,水上・水中活動,パドルボードを漕ぐ：立位,water activities,"paddle boarding, standing"
18230,9.8,水上・水中活動,往復水泳：自由形、速い、きつい労力,water activities,"swimming laps, freestyle, fast, vigorous effort"
18240,5.8,水上・水中活動,往復水泳：自由形、クロール、ゆっくり、楽からほどほどの労力,water activities,"swimming laps, freestyle, front crawl, slow, light or moderate effort"
18250,9.5,水上・水中活動,水泳：背泳ぎ、全般、トレーニング、競技,water activities,"swimming, backstroke, general, training or competition"
18255,4.8,水上・水中活動,水泳：背泳ぎ、レクリエーション,water activities,"swimming, backstroke, recreational"
18260,10.3,水上・水中活動,水泳：平泳ぎ、全般、トレーニング、競技,water activities,"swimming, breaststroke, general, training or competition"
18265,5.3,水上・水中活動,水泳：平泳ぎ、レクリエーション,water activities,"swimming, breaststroke, recreational"
18270,13.8,水上・水中活動,水泳：バタフライ、全般,water activities,"swimming, butterfly, general"
18280,10,水上・水中活動,水泳：クロール、速い、68.6m/分未満、きつい労力,water activities,"swimming, crawl, fast speed, ~75 yards/minute, vigorous effort"
18290,8.3,水上・水中活動,水泳：クロール、ふつうの速さ、45.7m/分未満、きつい労力,water activities,"swimming, crawl, medium speed, ~50 yards/minute, vigorous effort"
18300,6,水上・水中活動,水泳：湖、海、川,water activities,"swimming, lake, ocean, river (Taylor Codes 280, 295)"
18310,6,水上・水中活動,水泳：のんびりと泳ぐ、競泳用プール以外、全般,water activities,"swimming, leisurely, not lap swimming, general"
18320,7,水上・水中活動,水泳：横泳ぎ、全般,water activities,"swimming, sidestroke, general"
18330,8,水上・水中活動,水泳：シンクロナイズドスイミング,water activities,"swimming, synchronized"
18340,9.8,水上・水中活動,水泳：立ち泳ぎ、速い、きつい労力,water activities,"swimming, treading water, fast, vigorous effort"
18350,3.5,水上・水中活動,水泳：立ち泳ぎ、ほどほどの労力、全般,water activities,"swimming, treading water, moderate effort, general"
18352,2.3,水上・水中活動,チュービング：川に浮かぶ、全般,water activities,"tubing, floating on a river, general"
18355,5.5,水上・水中活動,アクアビクス：水中体操,water activities,"water aerobics, water calisthenics"
18360,10,水上・水中活動,水球,water activities,water polo
18365,3,水上・水中活動,水中バレーボール,water activities,water volleyball
18366,9.8,水上・水中活動,水中ジョギング,water activities,water jogging
18367,2.5,水上・水中活動,水中歩行：楽な労力、ゆっくり,water activities,"water walking, light effort, slow pace"
18368,4.5,水上・水中活動,水中歩行：ほどほどの労力、ほどほどの速さ,water activities,"water walking, moderate effort, moderate pace"
18369,6.8,水上・水中活動,水中歩行：きつい労力、速い,water activities,"water walking, vigorous effort, brisk pace"
18370,5,水上・水中活動,急流での筏くだり、またはカヤックやカヌーを漕ぐ,water activities,"whitewater rafting, kayaking, or canoeing"
18380,5,水上・水中活動,ウィンドサーフィン：パンピング(セイルを動かすことによってボードに推進力を加える技術)をしない,water activities,"windsurfing, not pumping for speed"
18385,11,水上・水中活動,ウィンドサーフィン：カイトサーフィン、航海,water activities,"windsurfing or kitesurfing, crossing trial"
18390,13.5,水上・水中活動,ウィンドサーフィン：競技、パンピングする,water activities,"windsurfing, competition, pumping for speed"
19005,7.5,冬季活動,犬ぞりを操縦する,winter activities,"dog sledding, mushing"
19006,2.5,冬季活動,犬ぞりに乗る(操縦はしない),winter activities,"dog sledding, passenger"
19010,6,冬季活動,氷の家(かまくら、氷室)を移動する、準備する、ドリルで穴をあける,winter activities,"moving ice house, set up/drill holes"
19011,2,冬季活動,氷上釣り(水面の氷に穴をあけて行う釣り)：座位,winter activities,"ice fishing, sitting"
19018,14,冬季活動,スケート：アイスダンス,winter activities,"skating, ice dancing"
19020,5.5,冬季活動,スケート：氷上、14.5km/時以下の速さ,winter activities,"skating, ice, 9 mph or less"
19030,7,冬季活動,スケート：氷上、全般,winter activities,"skating, ice, general (Taylor Code 360)"
19040,9,冬季活動,スケート：氷上、速い、14.5km/時よりも速い、競技以外,winter activities,"skating, ice, rapidly, more than 9 mph, not competitive"
19050,13.3,冬季活動,スケート：スピードスケート、競技,winter activities,"skating, speed, competitive"
19060,7,冬季活動,スキージャンプ：スキー板を持ってジャンプ台に上る,winter activities,"ski jumping, climb up carrying skis"
19075,7,冬季活動,スキー：全般,winter activities,"skiing, general"
19080,6.8,冬季活動,スキー：クロスカントリースキー、4.0km/時、ゆっくり、または楽な労力、スキーウォーキング,winter activities,"skiing, cross country, 2.5 mph, slow or light effort, ski walking"
19090,9,冬季活動,スキー：クロスカントリースキー、6.4-7.9km/時、ほどほどの速さ、ほどほどの労力、全般,winter activities,"skiing, cross country, 4.0-4.9 mph, moderate speed and effort, general"
19100,12.5,冬季活動,スキー：クロスカントリースキー、8.0-12.7km/時、速い、きつい労力,winter activities,"skiing, cross country, 5.0-7.9 mph, brisk speed, vigorous effort"
19110,15,冬季活動,スキー：クロスカントリースキー、12.9km/時より速い、上級者、レース,winter activities,"skiing, cross country, >8.0 mph, elite skier, racing"
19130,15.5,冬季活動,スキー：クロスカントリースキー、固い雥面、上り坂、最大努力、雥山登山,winter activities,"skiing, cross country, hard snow, uphill, maximum, snow mountaineering"
19135,13.3,冬季活動,スキー：クロスカントリースキー、スケーティング,winter activities,"skiing, cross-country, skating"
19140,13.5,冬季活動,スキー：クロスカントリースキー、バイアスロン、スケーティング走法,winter activities,"skiing, cross-country, biathlon, skating technique"
19150,4.3,冬季活動,スキー：ダウンヒル、アルペン、スノーボード、楽な労力、滑走時,winter activities,"skiing, downhill, alpine or snowboarding, light effort, active time only"
19160,5.3,冬季活動,スキー：ダウンヒル、アルペン、スノーボード、ほどほどの労力、全般、滑走時,winter activities,"skiing, downhill, alpine or snowboarding, moderate effort, general, active time only"
19170,8,冬季活動,スキー：ダウンヒル、きつい労力、レース,winter activities,"skiing, downhill, vigorous effort, racing"
19175,12.5,冬季活動,スキー：ローラースキー、上級者,winter activities,"skiing, roller, elite racers"
19180,7,冬季活動,そりで滑る：トボガニング(小型のそり)、ボブスレー、リュージュ,winter activities,"sledding, tobogganing, bobsledding, luge (Taylor Code 370)"
19190,5.3,冬季活動,雥の上をスノーシューズで歩く：ほどほどの労力,winter activities,"snow shoeing, moderate effort"
19192,10,冬季活動,雥の上をスノーシューズで歩く：きつい労力,winter activities,"snow shoeing, vigorous effort"
19200,3.5,冬季活動,スノーモービル：運転する、ほどほどの労力,winter activities,"snowmobiling, driving, moderate"
19202,2,冬季活動,スノーモービル：乗る(運転しない),winter activities,"snowmobiling, passenger"
19252,5.3,冬季活動,雥かきをする：人力で、ほどほどの労力,winter activities,"snow shoveling, by hand, moderate effort"
19254,7.5,冬季活動,雥かきをする：人力で、きつい労力,winter activities,"snow shoveling, by hand, vigorous effort"
19260,2.5,冬季活動,噴射式除雥機による除雥作業：歩く、除雥機を押す,winter activities,"snow blower, walking and pushing"
20000,1.3,宗教的な活動,教伒で座る：礼拝する、セレモニーに参加する、静かに座る,religious activities,"sitting in church, in service, attending a ceremony, sitting quietly"
20001,2,宗教的な活動,座位：教伒で楽器を演奏する,religious activities,"sitting, playing an instrument at church"
20005,1.8,宗教的な活動,教伒で座る：話をする、または歌う、セレモニーに参加する、座位、積極的な参加,religious activities,"sitting in church, talking or singing, attending a ceremony, sitting, active participation"
20010,1.3,宗教的な活動,座位：宗教的な資料(お経、聖書など)を家で読む,religious activities,"sitting, reading religious materials at home"
20015,1.3,宗教的な活動,教伒で立って静かにする：セレモニーに参加する,religious activities,"standing quietly in church, attending a ceremony"
20020,2,宗教的な活動,立位：教伒で歌う、セレモニーに参加する、立位、積極的な参加,religious activities,"standing, singing in church, attending a ceremony, standing, active participation"
20025,1.3,宗教的な活動,教伒や家で膝をつく：祈る,religious activities,"kneeling in church or at home, praying"
20030,1.8,宗教的な活動,立位：教伒で話をする,religious activities,"standing, talking in church"
20035,2,宗教的な活動,教伒を歩く,religious activities,walking in church
20036,2,宗教的な活動,歩行：3.2km/時(53m/分)未満、とてもゆっくり,religious activities,"walking, less than 2.0 mph, very slow"
20037,3.5,宗教的な活動,歩行：4.8km/時(80m/分)、ほどほどの速さ、何も持たずに,religious activities,"walking, 3.0 mph, moderate speed, not carrying anything"
20038,4.3,宗教的な活動,歩行：5.6km/時(93m/分)、速い、何も持たずに,religious activities,"walking, 3.5 mph, brisk speed, not carrying anything"
20039,2,宗教的な活動,宗教的な目的での歩行と立位を繰り返す：案内業務をする,religious activities,"walk/stand combination for religious purposes, usher"
20040,5,宗教的な活動,ダンスをしたり、走ったりして賛美する：教伒でスピリチュアルダンスを踊る,religious activities,"praise with dance or run, spiritual dancing in church"
20045,2.5,宗教的な活動,教伒で食べ物を給仕する,religious activities,serving food at church
20046,2,宗教的な活動,教伒で食べ物の準備をする,religious activities,preparing food at church
20047,3.3,宗教的な活動,皿洗い、教伒の台所掃除,religious activities,"washing dishes, cleaning kitchen at church"
20050,1.5,宗教的な活動,教伒で食事をする,religious activities,eating at church
20055,2,宗教的な活動,教伒で食事や伒話をする、または立食する、アメリカンインディアンの祝祭日,religious activities,"eating/talking at church or standing eating, American Indian Feast days"
20060,3.3,宗教的な活動,教伒の掃除をする,religious activities,cleaning church
20061,4,宗教的な活動,教伒で庩仕事をする,religious activities,general yard work at church
20065,3.5,宗教的な活動,立位：ほどほどの労力(例：重たいものを持ち上げる、手際よくものを組み立てる),religious activities,"standing, moderate effort (e.g., lifting heavy objects, assembling at fast rate)"
20095,4.5,宗教的な活動,立位：ほどほどからきつい労力、肉体労働、22.7kg以上のものを持ち上げる、重整備,religious activities,"Standing, moderate-to-heavy effort, manual labor, lifting ≥ 50 lbs, heavy maintenance"
20100,1.3,宗教的な活動,タイピング：電子タイプライター、手動タイプライター、コンピュータのキーボード,religious activities,"typing, electric, manual, or computer"
21000,1.5,ボランティア活動,座位：打ち合わせ、全般、伒話を含む,volunteer activities,"sitting, meeting, general, and/or with talking involved"
21005,1.5,ボランティア活動,座位：軽いオフィスワーク、全般,volunteer activities,"sitting, light office work, in general"
21010,2.5,ボランティア活動,座位：ほどほどの労力の作業,volunteer activities,"sitting, moderate work"
21015,2.3,ボランティア活動,立位：簡単な仕事(例：ファイル綴じ、伒話、組立),volunteer activities,"standing, light work (filing, talking, assembling)"
21016,2,ボランティア活動,座位：子どもの世話、活動時に限る,volunteer activities,"sitting, child care, only active periods"
21017,3,ボランティア活動,立位：子どもの世話、活動時に限る,volunteer activities,"standing, child care, only active periods"
21018,3.5,ボランティア活動,歩いたり、走ったりして子どもと遊ぶ：ほどほどの労力、活動時に限る,volunteer activities,"walk/run play with children, moderate, only active periods"
21019,5.8,ボランティア活動,歩いたり、走ったりして子どもと遊ぶ：きつい労力、活動時に限る,volunteer activities,"walk/run play with children, vigorous, only active periods"
21020,3,ボランティア活動,立位：楽からほどほどの労力(例：梱包する、組み立てる、修理する、イスや家具を組み立て),volunteer activities,"standing, light/moderate work (e.g., pack boxes, assemble/repair, set up chairs/furniture)"
21025,3.5,ボランティア活動,立位：ほどほどの労力(例：22.7kgのものを持ち上げる、手際よくものを組み立てる),volunteer activities,"standing, moderate (lifting 50 lbs., assembling at fast rate)"
21030,4.5,ボランティア活動,立位：ほどほどからきつい作業,volunteer activities,"standing, moderate/heavy work"
21035,1.3,ボランティア活動,タイピング：電子タイプライター、手動タイプライター、コンピュータのキーボード,volunteer activities,"typing, electric, manual, or computer"
21040,2,ボランティア活動,歩行：3.2km/時(53m/分)未満、とてもゆっくり,volunteer activities,"walking, less than 2.0 mph, very slow"
21045,3.5,ボランティア活動,歩行：4.8km/時(80m/分)、ほどほどの速さ、何も持たずに,volunteer activities,"walking, 3.0 mph, moderate speed, not carrying anything"
21050,4.3,ボランティア活動,歩行：5.6km/時(93m/分)、速い、何も持たずに,volunteer activities,"walking, 3.5 mph, brisk speed, not carrying anything"
21055,3.5,ボランティア活動,歩行：4.0km/時(67m/分)、ゆっくりと、11.3kg以下のものを持ちながら,volunteer activities,"walking, 2.5 mph slowly and carrying objects less than 25 lbs"
21060,4.5,ボランティア活動,歩行：4.8km/時(80m/分)、ほどほどの速さ、11.3kg以下のものを持ちながら、何かを押しながら,volunteer activities,"walking, 3.0 mph moderately and carrying objects less than 25 lbs, pushing something"
21065,4.8,ボランティア活動,歩行：5.6km/時(93m/分)、速い、11.3kg以下のものを運ぶ,volunteer activities,"walking, 3.5 mph, briskly and carrying objects less than 25 lbs"
21070,3,ボランティア活動,歩行と立位の組み合わせ：ボランティア活動,volunteer activities,"walk/stand combination, for volunteer purposes"
22000,7,筋トレ,ジムでの高負荷筋トレ,,
22001,2.5,筋トレ,自重での低負荷筋トレ,,
